{
  "backprop" : true,
  "backpropType" : "Standard",
  "cacheMode" : "NONE",
  "defaultConfiguration" : {
    "cacheMode" : "NONE",
    "epochCount" : 0,
    "iterationCount" : 0,
    "layer" : null,
    "maxNumLineSearchIterations" : 5,
    "miniBatch" : true,
    "minimize" : true,
    "optimizationAlgo" : "STOCHASTIC_GRADIENT_DESCENT",
    "pretrain" : false,
    "seed" : 123,
    "stepFunction" : null,
    "variables" : [ "cnn0_W", "cnn0_b", "downSamplecnnBlock1_W", "downSamplecnnBlock1_b", "cnn1Block1_W", "cnn1Block1_b", "cnn2Block1_W", "cnn2Block1_b", "downSamplecnnBlock2_W", "downSamplecnnBlock2_b", "cnn1Block2_W", "cnn1Block2_b", "cnn2Block2_W", "cnn2Block2_b", "cnn3_W", "cnn3_b", "cnn4_W", "cnn4_b", "cnn5_W", "cnn5_b", "cnn6_W", "cnn6_b", "cnn7_W", "cnn7_b", "cnn8_W", "cnn8_b", "cnn9_W", "cnn9_b", "cnn10_W", "cnn10_b", "cnn11_W", "cnn11_b", "cnnBeforeYolo_W", "cnnBeforeYolo_b" ]
  },
  "epochCount" : 3,
  "inferenceWorkspaceMode" : "ENABLED",
  "iterationCount" : 20200,
  "legacyBatchScaledL2" : false,
  "networkInputs" : [ "input" ],
  "networkOutputs" : [ "outputs" ],
  "pretrain" : false,
  "tbpttBackLength" : 20,
  "tbpttFwdLength" : 20,
  "topologicalOrder" : [ 0, 1, 2, 3, 4, 5, 6, 7, 8, 9, 10, 11, 12, 13, 14, 15, 16, 17, 18, 19, 20, 21, 22, 23, 24, 25, 26 ],
  "topologicalOrderStr" : [ "input", "cnn0", "downSamplecnnBlock1", "cnn1Block1", "cnn2Block1", "shortcut1", "activationBlock1", "downSamplecnnBlock2", "cnn1Block2", "cnn2Block2", "shortcut2", "activationBlock2", "cnn3", "cnn4", "up1", "merge1", "cnn5", "cnn6", "up2", "merge2", "cnn7", "cnn8", "cnn9", "cnn10", "cnn11", "cnnBeforeYolo", "outputs" ],
  "trainingWorkspaceMode" : "ENABLED",
  "vertexInputs" : {
    "cnn0" : [ "input" ],
    "downSamplecnnBlock1" : [ "cnn0" ],
    "cnn1Block1" : [ "downSamplecnnBlock1" ],
    "cnn2Block1" : [ "cnn1Block1" ],
    "shortcut1" : [ "downSamplecnnBlock1", "cnn2Block1" ],
    "activationBlock1" : [ "shortcut1" ],
    "downSamplecnnBlock2" : [ "activationBlock1" ],
    "cnn1Block2" : [ "downSamplecnnBlock2" ],
    "cnn2Block2" : [ "cnn1Block2" ],
    "shortcut2" : [ "downSamplecnnBlock2", "cnn2Block2" ],
    "activationBlock2" : [ "shortcut2" ],
    "cnn3" : [ "activationBlock2" ],
    "cnn4" : [ "cnn3" ],
    "up1" : [ "cnn4" ],
    "merge1" : [ "up1", "downSamplecnnBlock1" ],
    "cnn5" : [ "merge1" ],
    "cnn6" : [ "cnn5" ],
    "up2" : [ "cnn6" ],
    "merge2" : [ "up2", "cnn0" ],
    "cnn7" : [ "merge2" ],
    "cnn8" : [ "cnn7" ],
    "cnn9" : [ "cnn8" ],
    "cnn10" : [ "cnn9" ],
    "cnn11" : [ "cnn10" ],
    "cnnBeforeYolo" : [ "cnn11" ],
    "outputs" : [ "cnnBeforeYolo" ]
  },
  "vertices" : {
    "cnn0" : {
      "@class" : "org.deeplearning4j.nn.conf.graph.LayerVertex",
      "layerConf" : {
        "cacheMode" : "NONE",
        "epochCount" : 0,
        "iterationCount" : 0,
        "layer" : {
          "@class" : "org.deeplearning4j.nn.conf.layers.ConvolutionLayer",
          "activationFn" : {
            "@class" : "org.nd4j.linalg.activations.impl.ActivationLReLU",
            "alpha" : 0.01
          },
          "biasInit" : 0.0,
          "biasUpdater" : null,
          "constraints" : null,
          "convolutionMode" : "Same",
          "cudnnAlgoMode" : "PREFER_FASTEST",
          "cudnnAllowFallback" : true,
          "cudnnBwdDataAlgo" : null,
          "cudnnBwdFilterAlgo" : null,
          "cudnnFwdAlgo" : null,
          "dilation" : [ 1, 1 ],
          "dist" : null,
          "gradientNormalization" : "RenormalizeL2PerLayer",
          "gradientNormalizationThreshold" : 1.0,
          "hasBias" : true,
          "idropout" : null,
          "iupdater" : {
            "@class" : "org.nd4j.linalg.learning.config.Adam",
            "beta1" : 0.9,
            "beta2" : 0.999,
            "epsilon" : 1.0E-8,
            "learningRate" : 1.0E-4
          },
          "kernelSize" : [ 3, 3 ],
          "l1" : 0.0,
          "l1Bias" : 0.0,
          "l2" : 1.0E-4,
          "l2Bias" : 0.0,
          "layerName" : "cnn0",
          "nin" : 3,
          "nout" : 32,
          "padding" : [ 0, 0 ],
          "pretrain" : false,
          "stride" : [ 1, 1 ],
          "weightInit" : "XAVIER",
          "weightNoise" : null
        },
        "maxNumLineSearchIterations" : 5,
        "miniBatch" : true,
        "minimize" : true,
        "optimizationAlgo" : "STOCHASTIC_GRADIENT_DESCENT",
        "pretrain" : false,
        "seed" : 123,
        "stepFunction" : null,
        "variables" : [ "W", "b" ]
      },
      "outputVertex" : false,
      "preProcessor" : null
    },
    "downSamplecnnBlock1" : {
      "@class" : "org.deeplearning4j.nn.conf.graph.LayerVertex",
      "layerConf" : {
        "cacheMode" : "NONE",
        "epochCount" : 0,
        "iterationCount" : 0,
        "layer" : {
          "@class" : "org.deeplearning4j.nn.conf.layers.ConvolutionLayer",
          "activationFn" : {
            "@class" : "org.nd4j.linalg.activations.impl.ActivationLReLU",
            "alpha" : 0.01
          },
          "biasInit" : 0.0,
          "biasUpdater" : null,
          "constraints" : null,
          "convolutionMode" : "Truncate",
          "cudnnAlgoMode" : "PREFER_FASTEST",
          "cudnnAllowFallback" : true,
          "cudnnBwdDataAlgo" : null,
          "cudnnBwdFilterAlgo" : null,
          "cudnnFwdAlgo" : null,
          "dilation" : [ 1, 1 ],
          "dist" : null,
          "gradientNormalization" : "RenormalizeL2PerLayer",
          "gradientNormalizationThreshold" : 1.0,
          "hasBias" : true,
          "idropout" : null,
          "iupdater" : {
            "@class" : "org.nd4j.linalg.learning.config.Adam",
            "beta1" : 0.9,
            "beta2" : 0.999,
            "epsilon" : 1.0E-8,
            "learningRate" : 1.0E-4
          },
          "kernelSize" : [ 3, 3 ],
          "l1" : 0.0,
          "l1Bias" : 0.0,
          "l2" : 1.0E-4,
          "l2Bias" : 0.0,
          "layerName" : "downSamplecnnBlock1",
          "nin" : 32,
          "nout" : 64,
          "padding" : [ 1, 1 ],
          "pretrain" : false,
          "stride" : [ 2, 2 ],
          "weightInit" : "XAVIER",
          "weightNoise" : null
        },
        "maxNumLineSearchIterations" : 5,
        "miniBatch" : true,
        "minimize" : true,
        "optimizationAlgo" : "STOCHASTIC_GRADIENT_DESCENT",
        "pretrain" : false,
        "seed" : 123,
        "stepFunction" : null,
        "variables" : [ "W", "b" ]
      },
      "outputVertex" : false,
      "preProcessor" : null
    },
    "cnn1Block1" : {
      "@class" : "org.deeplearning4j.nn.conf.graph.LayerVertex",
      "layerConf" : {
        "cacheMode" : "NONE",
        "epochCount" : 0,
        "iterationCount" : 0,
        "layer" : {
          "@class" : "org.deeplearning4j.nn.conf.layers.ConvolutionLayer",
          "activationFn" : {
            "@class" : "org.nd4j.linalg.activations.impl.ActivationLReLU",
            "alpha" : 0.01
          },
          "biasInit" : 0.0,
          "biasUpdater" : null,
          "constraints" : null,
          "convolutionMode" : "Same",
          "cudnnAlgoMode" : "PREFER_FASTEST",
          "cudnnAllowFallback" : true,
          "cudnnBwdDataAlgo" : null,
          "cudnnBwdFilterAlgo" : null,
          "cudnnFwdAlgo" : null,
          "dilation" : [ 1, 1 ],
          "dist" : null,
          "gradientNormalization" : "RenormalizeL2PerLayer",
          "gradientNormalizationThreshold" : 1.0,
          "hasBias" : true,
          "idropout" : null,
          "iupdater" : {
            "@class" : "org.nd4j.linalg.learning.config.Adam",
            "beta1" : 0.9,
            "beta2" : 0.999,
            "epsilon" : 1.0E-8,
            "learningRate" : 1.0E-4
          },
          "kernelSize" : [ 1, 1 ],
          "l1" : 0.0,
          "l1Bias" : 0.0,
          "l2" : 1.0E-4,
          "l2Bias" : 0.0,
          "layerName" : "cnn1Block1",
          "nin" : 64,
          "nout" : 128,
          "padding" : [ 0, 0 ],
          "pretrain" : false,
          "stride" : [ 1, 1 ],
          "weightInit" : "XAVIER",
          "weightNoise" : null
        },
        "maxNumLineSearchIterations" : 5,
        "miniBatch" : true,
        "minimize" : true,
        "optimizationAlgo" : "STOCHASTIC_GRADIENT_DESCENT",
        "pretrain" : false,
        "seed" : 123,
        "stepFunction" : null,
        "variables" : [ "W", "b" ]
      },
      "outputVertex" : false,
      "preProcessor" : null
    },
    "cnn2Block1" : {
      "@class" : "org.deeplearning4j.nn.conf.graph.LayerVertex",
      "layerConf" : {
        "cacheMode" : "NONE",
        "epochCount" : 0,
        "iterationCount" : 0,
        "layer" : {
          "@class" : "org.deeplearning4j.nn.conf.layers.ConvolutionLayer",
          "activationFn" : {
            "@class" : "org.nd4j.linalg.activations.impl.ActivationIdentity"
          },
          "biasInit" : 0.0,
          "biasUpdater" : null,
          "constraints" : null,
          "convolutionMode" : "Same",
          "cudnnAlgoMode" : "PREFER_FASTEST",
          "cudnnAllowFallback" : true,
          "cudnnBwdDataAlgo" : null,
          "cudnnBwdFilterAlgo" : null,
          "cudnnFwdAlgo" : null,
          "dilation" : [ 1, 1 ],
          "dist" : null,
          "gradientNormalization" : "RenormalizeL2PerLayer",
          "gradientNormalizationThreshold" : 1.0,
          "hasBias" : true,
          "idropout" : null,
          "iupdater" : {
            "@class" : "org.nd4j.linalg.learning.config.Adam",
            "beta1" : 0.9,
            "beta2" : 0.999,
            "epsilon" : 1.0E-8,
            "learningRate" : 1.0E-4
          },
          "kernelSize" : [ 3, 3 ],
          "l1" : 0.0,
          "l1Bias" : 0.0,
          "l2" : 1.0E-4,
          "l2Bias" : 0.0,
          "layerName" : "cnn2Block1",
          "nin" : 128,
          "nout" : 64,
          "padding" : [ 0, 0 ],
          "pretrain" : false,
          "stride" : [ 1, 1 ],
          "weightInit" : "XAVIER",
          "weightNoise" : null
        },
        "maxNumLineSearchIterations" : 5,
        "miniBatch" : true,
        "minimize" : true,
        "optimizationAlgo" : "STOCHASTIC_GRADIENT_DESCENT",
        "pretrain" : false,
        "seed" : 123,
        "stepFunction" : null,
        "variables" : [ "W", "b" ]
      },
      "outputVertex" : false,
      "preProcessor" : null
    },
    "shortcut1" : {
      "@class" : "org.deeplearning4j.nn.conf.graph.ElementWiseVertex",
      "op" : "Add"
    },
    "activationBlock1" : {
      "@class" : "org.deeplearning4j.nn.conf.graph.LayerVertex",
      "layerConf" : {
        "cacheMode" : "NONE",
        "epochCount" : 0,
        "iterationCount" : 0,
        "layer" : {
          "@class" : "org.deeplearning4j.nn.conf.layers.ActivationLayer",
          "activationFn" : {
            "@class" : "org.nd4j.linalg.activations.impl.ActivationLReLU",
            "alpha" : 0.01
          },
          "constraints" : null,
          "gradientNormalization" : "None",
          "gradientNormalizationThreshold" : 0.0,
          "idropout" : null,
          "layerName" : "activationBlock1",
          "pretrain" : false
        },
        "maxNumLineSearchIterations" : 5,
        "miniBatch" : true,
        "minimize" : true,
        "optimizationAlgo" : "STOCHASTIC_GRADIENT_DESCENT",
        "pretrain" : false,
        "seed" : 123,
        "stepFunction" : null,
        "variables" : [ ]
      },
      "outputVertex" : false,
      "preProcessor" : null
    },
    "downSamplecnnBlock2" : {
      "@class" : "org.deeplearning4j.nn.conf.graph.LayerVertex",
      "layerConf" : {
        "cacheMode" : "NONE",
        "epochCount" : 0,
        "iterationCount" : 0,
        "layer" : {
          "@class" : "org.deeplearning4j.nn.conf.layers.ConvolutionLayer",
          "activationFn" : {
            "@class" : "org.nd4j.linalg.activations.impl.ActivationLReLU",
            "alpha" : 0.01
          },
          "biasInit" : 0.0,
          "biasUpdater" : null,
          "constraints" : null,
          "convolutionMode" : "Truncate",
          "cudnnAlgoMode" : "PREFER_FASTEST",
          "cudnnAllowFallback" : true,
          "cudnnBwdDataAlgo" : null,
          "cudnnBwdFilterAlgo" : null,
          "cudnnFwdAlgo" : null,
          "dilation" : [ 1, 1 ],
          "dist" : null,
          "gradientNormalization" : "RenormalizeL2PerLayer",
          "gradientNormalizationThreshold" : 1.0,
          "hasBias" : true,
          "idropout" : null,
          "iupdater" : {
            "@class" : "org.nd4j.linalg.learning.config.Adam",
            "beta1" : 0.9,
            "beta2" : 0.999,
            "epsilon" : 1.0E-8,
            "learningRate" : 1.0E-4
          },
          "kernelSize" : [ 3, 3 ],
          "l1" : 0.0,
          "l1Bias" : 0.0,
          "l2" : 1.0E-4,
          "l2Bias" : 0.0,
          "layerName" : "downSamplecnnBlock2",
          "nin" : 64,
          "nout" : 128,
          "padding" : [ 1, 1 ],
          "pretrain" : false,
          "stride" : [ 2, 2 ],
          "weightInit" : "XAVIER",
          "weightNoise" : null
        },
        "maxNumLineSearchIterations" : 5,
        "miniBatch" : true,
        "minimize" : true,
        "optimizationAlgo" : "STOCHASTIC_GRADIENT_DESCENT",
        "pretrain" : false,
        "seed" : 123,
        "stepFunction" : null,
        "variables" : [ "W", "b" ]
      },
      "outputVertex" : false,
      "preProcessor" : null
    },
    "cnn1Block2" : {
      "@class" : "org.deeplearning4j.nn.conf.graph.LayerVertex",
      "layerConf" : {
        "cacheMode" : "NONE",
        "epochCount" : 0,
        "iterationCount" : 0,
        "layer" : {
          "@class" : "org.deeplearning4j.nn.conf.layers.ConvolutionLayer",
          "activationFn" : {
            "@class" : "org.nd4j.linalg.activations.impl.ActivationLReLU",
            "alpha" : 0.01
          },
          "biasInit" : 0.0,
          "biasUpdater" : null,
          "constraints" : null,
          "convolutionMode" : "Same",
          "cudnnAlgoMode" : "PREFER_FASTEST",
          "cudnnAllowFallback" : true,
          "cudnnBwdDataAlgo" : null,
          "cudnnBwdFilterAlgo" : null,
          "cudnnFwdAlgo" : null,
          "dilation" : [ 1, 1 ],
          "dist" : null,
          "gradientNormalization" : "RenormalizeL2PerLayer",
          "gradientNormalizationThreshold" : 1.0,
          "hasBias" : true,
          "idropout" : null,
          "iupdater" : {
            "@class" : "org.nd4j.linalg.learning.config.Adam",
            "beta1" : 0.9,
            "beta2" : 0.999,
            "epsilon" : 1.0E-8,
            "learningRate" : 1.0E-4
          },
          "kernelSize" : [ 1, 1 ],
          "l1" : 0.0,
          "l1Bias" : 0.0,
          "l2" : 1.0E-4,
          "l2Bias" : 0.0,
          "layerName" : "cnn1Block2",
          "nin" : 128,
          "nout" : 256,
          "padding" : [ 0, 0 ],
          "pretrain" : false,
          "stride" : [ 1, 1 ],
          "weightInit" : "XAVIER",
          "weightNoise" : null
        },
        "maxNumLineSearchIterations" : 5,
        "miniBatch" : true,
        "minimize" : true,
        "optimizationAlgo" : "STOCHASTIC_GRADIENT_DESCENT",
        "pretrain" : false,
        "seed" : 123,
        "stepFunction" : null,
        "variables" : [ "W", "b" ]
      },
      "outputVertex" : false,
      "preProcessor" : null
    },
    "cnn2Block2" : {
      "@class" : "org.deeplearning4j.nn.conf.graph.LayerVertex",
      "layerConf" : {
        "cacheMode" : "NONE",
        "epochCount" : 0,
        "iterationCount" : 0,
        "layer" : {
          "@class" : "org.deeplearning4j.nn.conf.layers.ConvolutionLayer",
          "activationFn" : {
            "@class" : "org.nd4j.linalg.activations.impl.ActivationIdentity"
          },
          "biasInit" : 0.0,
          "biasUpdater" : null,
          "constraints" : null,
          "convolutionMode" : "Same",
          "cudnnAlgoMode" : "PREFER_FASTEST",
          "cudnnAllowFallback" : true,
          "cudnnBwdDataAlgo" : null,
          "cudnnBwdFilterAlgo" : null,
          "cudnnFwdAlgo" : null,
          "dilation" : [ 1, 1 ],
          "dist" : null,
          "gradientNormalization" : "RenormalizeL2PerLayer",
          "gradientNormalizationThreshold" : 1.0,
          "hasBias" : true,
          "idropout" : null,
          "iupdater" : {
            "@class" : "org.nd4j.linalg.learning.config.Adam",
            "beta1" : 0.9,
            "beta2" : 0.999,
            "epsilon" : 1.0E-8,
            "learningRate" : 1.0E-4
          },
          "kernelSize" : [ 3, 3 ],
          "l1" : 0.0,
          "l1Bias" : 0.0,
          "l2" : 1.0E-4,
          "l2Bias" : 0.0,
          "layerName" : "cnn2Block2",
          "nin" : 256,
          "nout" : 128,
          "padding" : [ 0, 0 ],
          "pretrain" : false,
          "stride" : [ 1, 1 ],
          "weightInit" : "XAVIER",
          "weightNoise" : null
        },
        "maxNumLineSearchIterations" : 5,
        "miniBatch" : true,
        "minimize" : true,
        "optimizationAlgo" : "STOCHASTIC_GRADIENT_DESCENT",
        "pretrain" : false,
        "seed" : 123,
        "stepFunction" : null,
        "variables" : [ "W", "b" ]
      },
      "outputVertex" : false,
      "preProcessor" : null
    },
    "shortcut2" : {
      "@class" : "org.deeplearning4j.nn.conf.graph.ElementWiseVertex",
      "op" : "Add"
    },
    "activationBlock2" : {
      "@class" : "org.deeplearning4j.nn.conf.graph.LayerVertex",
      "layerConf" : {
        "cacheMode" : "NONE",
        "epochCount" : 0,
        "iterationCount" : 0,
        "layer" : {
          "@class" : "org.deeplearning4j.nn.conf.layers.ActivationLayer",
          "activationFn" : {
            "@class" : "org.nd4j.linalg.activations.impl.ActivationLReLU",
            "alpha" : 0.01
          },
          "constraints" : null,
          "gradientNormalization" : "None",
          "gradientNormalizationThreshold" : 0.0,
          "idropout" : null,
          "layerName" : "activationBlock2",
          "pretrain" : false
        },
        "maxNumLineSearchIterations" : 5,
        "miniBatch" : true,
        "minimize" : true,
        "optimizationAlgo" : "STOCHASTIC_GRADIENT_DESCENT",
        "pretrain" : false,
        "seed" : 123,
        "stepFunction" : null,
        "variables" : [ ]
      },
      "outputVertex" : false,
      "preProcessor" : null
    },
    "cnn3" : {
      "@class" : "org.deeplearning4j.nn.conf.graph.LayerVertex",
      "layerConf" : {
        "cacheMode" : "NONE",
        "epochCount" : 0,
        "iterationCount" : 0,
        "layer" : {
          "@class" : "org.deeplearning4j.nn.conf.layers.ConvolutionLayer",
          "activationFn" : {
            "@class" : "org.nd4j.linalg.activations.impl.ActivationLReLU",
            "alpha" : 0.01
          },
          "biasInit" : 0.0,
          "biasUpdater" : null,
          "constraints" : null,
          "convolutionMode" : "Same",
          "cudnnAlgoMode" : "PREFER_FASTEST",
          "cudnnAllowFallback" : true,
          "cudnnBwdDataAlgo" : null,
          "cudnnBwdFilterAlgo" : null,
          "cudnnFwdAlgo" : null,
          "dilation" : [ 1, 1 ],
          "dist" : null,
          "gradientNormalization" : "RenormalizeL2PerLayer",
          "gradientNormalizationThreshold" : 1.0,
          "hasBias" : true,
          "idropout" : null,
          "iupdater" : {
            "@class" : "org.nd4j.linalg.learning.config.Adam",
            "beta1" : 0.9,
            "beta2" : 0.999,
            "epsilon" : 1.0E-8,
            "learningRate" : 1.0E-4
          },
          "kernelSize" : [ 3, 3 ],
          "l1" : 0.0,
          "l1Bias" : 0.0,
          "l2" : 1.0E-4,
          "l2Bias" : 0.0,
          "layerName" : "cnn3",
          "nin" : 128,
          "nout" : 512,
          "padding" : [ 0, 0 ],
          "pretrain" : false,
          "stride" : [ 1, 1 ],
          "weightInit" : "XAVIER",
          "weightNoise" : null
        },
        "maxNumLineSearchIterations" : 5,
        "miniBatch" : true,
        "minimize" : true,
        "optimizationAlgo" : "STOCHASTIC_GRADIENT_DESCENT",
        "pretrain" : false,
        "seed" : 123,
        "stepFunction" : null,
        "variables" : [ "W", "b" ]
      },
      "outputVertex" : false,
      "preProcessor" : null
    },
    "cnn4" : {
      "@class" : "org.deeplearning4j.nn.conf.graph.LayerVertex",
      "layerConf" : {
        "cacheMode" : "NONE",
        "epochCount" : 0,
        "iterationCount" : 0,
        "layer" : {
          "@class" : "org.deeplearning4j.nn.conf.layers.ConvolutionLayer",
          "activationFn" : {
            "@class" : "org.nd4j.linalg.activations.impl.ActivationLReLU",
            "alpha" : 0.01
          },
          "biasInit" : 0.0,
          "biasUpdater" : null,
          "constraints" : null,
          "convolutionMode" : "Same",
          "cudnnAlgoMode" : "PREFER_FASTEST",
          "cudnnAllowFallback" : true,
          "cudnnBwdDataAlgo" : null,
          "cudnnBwdFilterAlgo" : null,
          "cudnnFwdAlgo" : null,
          "dilation" : [ 1, 1 ],
          "dist" : null,
          "gradientNormalization" : "RenormalizeL2PerLayer",
          "gradientNormalizationThreshold" : 1.0,
          "hasBias" : true,
          "idropout" : null,
          "iupdater" : {
            "@class" : "org.nd4j.linalg.learning.config.Adam",
            "beta1" : 0.9,
            "beta2" : 0.999,
            "epsilon" : 1.0E-8,
            "learningRate" : 1.0E-4
          },
          "kernelSize" : [ 1, 1 ],
          "l1" : 0.0,
          "l1Bias" : 0.0,
          "l2" : 1.0E-4,
          "l2Bias" : 0.0,
          "layerName" : "cnn4",
          "nin" : 512,
          "nout" : 512,
          "padding" : [ 0, 0 ],
          "pretrain" : false,
          "stride" : [ 1, 1 ],
          "weightInit" : "XAVIER",
          "weightNoise" : null
        },
        "maxNumLineSearchIterations" : 5,
        "miniBatch" : true,
        "minimize" : true,
        "optimizationAlgo" : "STOCHASTIC_GRADIENT_DESCENT",
        "pretrain" : false,
        "seed" : 123,
        "stepFunction" : null,
        "variables" : [ "W", "b" ]
      },
      "outputVertex" : false,
      "preProcessor" : null
    },
    "up1" : {
      "@class" : "org.deeplearning4j.nn.conf.graph.LayerVertex",
      "layerConf" : {
        "cacheMode" : "NONE",
        "epochCount" : 0,
        "iterationCount" : 0,
        "layer" : {
          "@class" : "org.deeplearning4j.nn.conf.layers.Upsampling2D",
          "constraints" : null,
          "gradientNormalization" : "None",
          "gradientNormalizationThreshold" : 0.0,
          "idropout" : null,
          "layerName" : "up1",
          "pretrain" : false,
          "size" : [ 2, 2 ]
        },
        "maxNumLineSearchIterations" : 5,
        "miniBatch" : true,
        "minimize" : true,
        "optimizationAlgo" : "STOCHASTIC_GRADIENT_DESCENT",
        "pretrain" : false,
        "seed" : 123,
        "stepFunction" : null,
        "variables" : [ ]
      },
      "outputVertex" : false,
      "preProcessor" : null
    },
    "merge1" : {
      "@class" : "org.deeplearning4j.nn.conf.graph.MergeVertex"
    },
    "cnn5" : {
      "@class" : "org.deeplearning4j.nn.conf.graph.LayerVertex",
      "layerConf" : {
        "cacheMode" : "NONE",
        "epochCount" : 0,
        "iterationCount" : 0,
        "layer" : {
          "@class" : "org.deeplearning4j.nn.conf.layers.ConvolutionLayer",
          "activationFn" : {
            "@class" : "org.nd4j.linalg.activations.impl.ActivationLReLU",
            "alpha" : 0.01
          },
          "biasInit" : 0.0,
          "biasUpdater" : null,
          "constraints" : null,
          "convolutionMode" : "Same",
          "cudnnAlgoMode" : "PREFER_FASTEST",
          "cudnnAllowFallback" : true,
          "cudnnBwdDataAlgo" : null,
          "cudnnBwdFilterAlgo" : null,
          "cudnnFwdAlgo" : null,
          "dilation" : [ 1, 1 ],
          "dist" : null,
          "gradientNormalization" : "RenormalizeL2PerLayer",
          "gradientNormalizationThreshold" : 1.0,
          "hasBias" : true,
          "idropout" : null,
          "iupdater" : {
            "@class" : "org.nd4j.linalg.learning.config.Adam",
            "beta1" : 0.9,
            "beta2" : 0.999,
            "epsilon" : 1.0E-8,
            "learningRate" : 1.0E-4
          },
          "kernelSize" : [ 3, 3 ],
          "l1" : 0.0,
          "l1Bias" : 0.0,
          "l2" : 1.0E-4,
          "l2Bias" : 0.0,
          "layerName" : "cnn5",
          "nin" : 576,
          "nout" : 256,
          "padding" : [ 0, 0 ],
          "pretrain" : false,
          "stride" : [ 1, 1 ],
          "weightInit" : "XAVIER",
          "weightNoise" : null
        },
        "maxNumLineSearchIterations" : 5,
        "miniBatch" : true,
        "minimize" : true,
        "optimizationAlgo" : "STOCHASTIC_GRADIENT_DESCENT",
        "pretrain" : false,
        "seed" : 123,
        "stepFunction" : null,
        "variables" : [ "W", "b" ]
      },
      "outputVertex" : false,
      "preProcessor" : null
    },
    "cnn6" : {
      "@class" : "org.deeplearning4j.nn.conf.graph.LayerVertex",
      "layerConf" : {
        "cacheMode" : "NONE",
        "epochCount" : 0,
        "iterationCount" : 0,
        "layer" : {
          "@class" : "org.deeplearning4j.nn.conf.layers.ConvolutionLayer",
          "activationFn" : {
            "@class" : "org.nd4j.linalg.activations.impl.ActivationLReLU",
            "alpha" : 0.01
          },
          "biasInit" : 0.0,
          "biasUpdater" : null,
          "constraints" : null,
          "convolutionMode" : "Same",
          "cudnnAlgoMode" : "PREFER_FASTEST",
          "cudnnAllowFallback" : true,
          "cudnnBwdDataAlgo" : null,
          "cudnnBwdFilterAlgo" : null,
          "cudnnFwdAlgo" : null,
          "dilation" : [ 1, 1 ],
          "dist" : null,
          "gradientNormalization" : "RenormalizeL2PerLayer",
          "gradientNormalizationThreshold" : 1.0,
          "hasBias" : true,
          "idropout" : null,
          "iupdater" : {
            "@class" : "org.nd4j.linalg.learning.config.Adam",
            "beta1" : 0.9,
            "beta2" : 0.999,
            "epsilon" : 1.0E-8,
            "learningRate" : 1.0E-4
          },
          "kernelSize" : [ 1, 1 ],
          "l1" : 0.0,
          "l1Bias" : 0.0,
          "l2" : 1.0E-4,
          "l2Bias" : 0.0,
          "layerName" : "cnn6",
          "nin" : 256,
          "nout" : 256,
          "padding" : [ 0, 0 ],
          "pretrain" : false,
          "stride" : [ 1, 1 ],
          "weightInit" : "XAVIER",
          "weightNoise" : null
        },
        "maxNumLineSearchIterations" : 5,
        "miniBatch" : true,
        "minimize" : true,
        "optimizationAlgo" : "STOCHASTIC_GRADIENT_DESCENT",
        "pretrain" : false,
        "seed" : 123,
        "stepFunction" : null,
        "variables" : [ "W", "b" ]
      },
      "outputVertex" : false,
      "preProcessor" : null
    },
    "up2" : {
      "@class" : "org.deeplearning4j.nn.conf.graph.LayerVertex",
      "layerConf" : {
        "cacheMode" : "NONE",
        "epochCount" : 0,
        "iterationCount" : 0,
        "layer" : {
          "@class" : "org.deeplearning4j.nn.conf.layers.Upsampling2D",
          "constraints" : null,
          "gradientNormalization" : "None",
          "gradientNormalizationThreshold" : 0.0,
          "idropout" : null,
          "layerName" : "up2",
          "pretrain" : false,
          "size" : [ 2, 2 ]
        },
        "maxNumLineSearchIterations" : 5,
        "miniBatch" : true,
        "minimize" : true,
        "optimizationAlgo" : "STOCHASTIC_GRADIENT_DESCENT",
        "pretrain" : false,
        "seed" : 123,
        "stepFunction" : null,
        "variables" : [ ]
      },
      "outputVertex" : false,
      "preProcessor" : null
    },
    "merge2" : {
      "@class" : "org.deeplearning4j.nn.conf.graph.MergeVertex"
    },
    "cnn7" : {
      "@class" : "org.deeplearning4j.nn.conf.graph.LayerVertex",
      "layerConf" : {
        "cacheMode" : "NONE",
        "epochCount" : 0,
        "iterationCount" : 0,
        "layer" : {
          "@class" : "org.deeplearning4j.nn.conf.layers.ConvolutionLayer",
          "activationFn" : {
            "@class" : "org.nd4j.linalg.activations.impl.ActivationLReLU",
            "alpha" : 0.01
          },
          "biasInit" : 0.0,
          "biasUpdater" : null,
          "constraints" : null,
          "convolutionMode" : "Same",
          "cudnnAlgoMode" : "PREFER_FASTEST",
          "cudnnAllowFallback" : true,
          "cudnnBwdDataAlgo" : null,
          "cudnnBwdFilterAlgo" : null,
          "cudnnFwdAlgo" : null,
          "dilation" : [ 1, 1 ],
          "dist" : null,
          "gradientNormalization" : "RenormalizeL2PerLayer",
          "gradientNormalizationThreshold" : 1.0,
          "hasBias" : true,
          "idropout" : null,
          "iupdater" : {
            "@class" : "org.nd4j.linalg.learning.config.Adam",
            "beta1" : 0.9,
            "beta2" : 0.999,
            "epsilon" : 1.0E-8,
            "learningRate" : 1.0E-4
          },
          "kernelSize" : [ 1, 1 ],
          "l1" : 0.0,
          "l1Bias" : 0.0,
          "l2" : 1.0E-4,
          "l2Bias" : 0.0,
          "layerName" : "cnn7",
          "nin" : 288,
          "nout" : 128,
          "padding" : [ 0, 0 ],
          "pretrain" : false,
          "stride" : [ 1, 1 ],
          "weightInit" : "XAVIER",
          "weightNoise" : null
        },
        "maxNumLineSearchIterations" : 5,
        "miniBatch" : true,
        "minimize" : true,
        "optimizationAlgo" : "STOCHASTIC_GRADIENT_DESCENT",
        "pretrain" : false,
        "seed" : 123,
        "stepFunction" : null,
        "variables" : [ "W", "b" ]
      },
      "outputVertex" : false,
      "preProcessor" : null
    },
    "cnn8" : {
      "@class" : "org.deeplearning4j.nn.conf.graph.LayerVertex",
      "layerConf" : {
        "cacheMode" : "NONE",
        "epochCount" : 0,
        "iterationCount" : 0,
        "layer" : {
          "@class" : "org.deeplearning4j.nn.conf.layers.ConvolutionLayer",
          "activationFn" : {
            "@class" : "org.nd4j.linalg.activations.impl.ActivationLReLU",
            "alpha" : 0.01
          },
          "biasInit" : 0.0,
          "biasUpdater" : null,
          "constraints" : null,
          "convolutionMode" : "Same",
          "cudnnAlgoMode" : "PREFER_FASTEST",
          "cudnnAllowFallback" : true,
          "cudnnBwdDataAlgo" : null,
          "cudnnBwdFilterAlgo" : null,
          "cudnnFwdAlgo" : null,
          "dilation" : [ 1, 1 ],
          "dist" : null,
          "gradientNormalization" : "RenormalizeL2PerLayer",
          "gradientNormalizationThreshold" : 1.0,
          "hasBias" : true,
          "idropout" : null,
          "iupdater" : {
            "@class" : "org.nd4j.linalg.learning.config.Adam",
            "beta1" : 0.9,
            "beta2" : 0.999,
            "epsilon" : 1.0E-8,
            "learningRate" : 1.0E-4
          },
          "kernelSize" : [ 3, 3 ],
          "l1" : 0.0,
          "l1Bias" : 0.0,
          "l2" : 1.0E-4,
          "l2Bias" : 0.0,
          "layerName" : "cnn8",
          "nin" : 128,
          "nout" : 128,
          "padding" : [ 0, 0 ],
          "pretrain" : false,
          "stride" : [ 1, 1 ],
          "weightInit" : "XAVIER",
          "weightNoise" : null
        },
        "maxNumLineSearchIterations" : 5,
        "miniBatch" : true,
        "minimize" : true,
        "optimizationAlgo" : "STOCHASTIC_GRADIENT_DESCENT",
        "pretrain" : false,
        "seed" : 123,
        "stepFunction" : null,
        "variables" : [ "W", "b" ]
      },
      "outputVertex" : false,
      "preProcessor" : null
    },
    "cnn9" : {
      "@class" : "org.deeplearning4j.nn.conf.graph.LayerVertex",
      "layerConf" : {
        "cacheMode" : "NONE",
        "epochCount" : 0,
        "iterationCount" : 0,
        "layer" : {
          "@class" : "org.deeplearning4j.nn.conf.layers.ConvolutionLayer",
          "activationFn" : {
            "@class" : "org.nd4j.linalg.activations.impl.ActivationLReLU",
            "alpha" : 0.01
          },
          "biasInit" : 0.0,
          "biasUpdater" : null,
          "constraints" : null,
          "convolutionMode" : "Same",
          "cudnnAlgoMode" : "PREFER_FASTEST",
          "cudnnAllowFallback" : true,
          "cudnnBwdDataAlgo" : null,
          "cudnnBwdFilterAlgo" : null,
          "cudnnFwdAlgo" : null,
          "dilation" : [ 1, 1 ],
          "dist" : null,
          "gradientNormalization" : "RenormalizeL2PerLayer",
          "gradientNormalizationThreshold" : 1.0,
          "hasBias" : true,
          "idropout" : null,
          "iupdater" : {
            "@class" : "org.nd4j.linalg.learning.config.Adam",
            "beta1" : 0.9,
            "beta2" : 0.999,
            "epsilon" : 1.0E-8,
            "learningRate" : 1.0E-4
          },
          "kernelSize" : [ 1, 1 ],
          "l1" : 0.0,
          "l1Bias" : 0.0,
          "l2" : 1.0E-4,
          "l2Bias" : 0.0,
          "layerName" : "cnn9",
          "nin" : 128,
          "nout" : 64,
          "padding" : [ 0, 0 ],
          "pretrain" : false,
          "stride" : [ 1, 1 ],
          "weightInit" : "XAVIER",
          "weightNoise" : null
        },
        "maxNumLineSearchIterations" : 5,
        "miniBatch" : true,
        "minimize" : true,
        "optimizationAlgo" : "STOCHASTIC_GRADIENT_DESCENT",
        "pretrain" : false,
        "seed" : 123,
        "stepFunction" : null,
        "variables" : [ "W", "b" ]
      },
      "outputVertex" : false,
      "preProcessor" : null
    },
    "cnn10" : {
      "@class" : "org.deeplearning4j.nn.conf.graph.LayerVertex",
      "layerConf" : {
        "cacheMode" : "NONE",
        "epochCount" : 0,
        "iterationCount" : 0,
        "layer" : {
          "@class" : "org.deeplearning4j.nn.conf.layers.ConvolutionLayer",
          "activationFn" : {
            "@class" : "org.nd4j.linalg.activations.impl.ActivationLReLU",
            "alpha" : 0.01
          },
          "biasInit" : 0.0,
          "biasUpdater" : null,
          "constraints" : null,
          "convolutionMode" : "Truncate",
          "cudnnAlgoMode" : "PREFER_FASTEST",
          "cudnnAllowFallback" : true,
          "cudnnBwdDataAlgo" : null,
          "cudnnBwdFilterAlgo" : null,
          "cudnnFwdAlgo" : null,
          "dilation" : [ 1, 1 ],
          "dist" : null,
          "gradientNormalization" : "RenormalizeL2PerLayer",
          "gradientNormalizationThreshold" : 1.0,
          "hasBias" : true,
          "idropout" : null,
          "iupdater" : {
            "@class" : "org.nd4j.linalg.learning.config.Adam",
            "beta1" : 0.9,
            "beta2" : 0.999,
            "epsilon" : 1.0E-8,
            "learningRate" : 1.0E-4
          },
          "kernelSize" : [ 3, 3 ],
          "l1" : 0.0,
          "l1Bias" : 0.0,
          "l2" : 1.0E-4,
          "l2Bias" : 0.0,
          "layerName" : "cnn10",
          "nin" : 64,
          "nout" : 64,
          "padding" : [ 0, 0 ],
          "pretrain" : false,
          "stride" : [ 1, 1 ],
          "weightInit" : "XAVIER",
          "weightNoise" : null
        },
        "maxNumLineSearchIterations" : 5,
        "miniBatch" : true,
        "minimize" : true,
        "optimizationAlgo" : "STOCHASTIC_GRADIENT_DESCENT",
        "pretrain" : false,
        "seed" : 123,
        "stepFunction" : null,
        "variables" : [ "W", "b" ]
      },
      "outputVertex" : false,
      "preProcessor" : null
    },
    "cnn11" : {
      "@class" : "org.deeplearning4j.nn.conf.graph.LayerVertex",
      "layerConf" : {
        "cacheMode" : "NONE",
        "epochCount" : 0,
        "iterationCount" : 0,
        "layer" : {
          "@class" : "org.deeplearning4j.nn.conf.layers.ConvolutionLayer",
          "activationFn" : {
            "@class" : "org.nd4j.linalg.activations.impl.ActivationLReLU",
            "alpha" : 0.01
          },
          "biasInit" : 0.0,
          "biasUpdater" : null,
          "constraints" : null,
          "convolutionMode" : "Truncate",
          "cudnnAlgoMode" : "PREFER_FASTEST",
          "cudnnAllowFallback" : true,
          "cudnnBwdDataAlgo" : null,
          "cudnnBwdFilterAlgo" : null,
          "cudnnFwdAlgo" : null,
          "dilation" : [ 1, 1 ],
          "dist" : null,
          "gradientNormalization" : "RenormalizeL2PerLayer",
          "gradientNormalizationThreshold" : 1.0,
          "hasBias" : true,
          "idropout" : null,
          "iupdater" : {
            "@class" : "org.nd4j.linalg.learning.config.Adam",
            "beta1" : 0.9,
            "beta2" : 0.999,
            "epsilon" : 1.0E-8,
            "learningRate" : 1.0E-4
          },
          "kernelSize" : [ 2, 2 ],
          "l1" : 0.0,
          "l1Bias" : 0.0,
          "l2" : 1.0E-4,
          "l2Bias" : 0.0,
          "layerName" : "cnn11",
          "nin" : 64,
          "nout" : 128,
          "padding" : [ 1, 1 ],
          "pretrain" : false,
          "stride" : [ 1, 1 ],
          "weightInit" : "XAVIER",
          "weightNoise" : null
        },
        "maxNumLineSearchIterations" : 5,
        "miniBatch" : true,
        "minimize" : true,
        "optimizationAlgo" : "STOCHASTIC_GRADIENT_DESCENT",
        "pretrain" : false,
        "seed" : 123,
        "stepFunction" : null,
        "variables" : [ "W", "b" ]
      },
      "outputVertex" : false,
      "preProcessor" : null
    },
    "cnnBeforeYolo" : {
      "@class" : "org.deeplearning4j.nn.conf.graph.LayerVertex",
      "layerConf" : {
        "cacheMode" : "NONE",
        "epochCount" : 0,
        "iterationCount" : 0,
        "layer" : {
          "@class" : "org.deeplearning4j.nn.conf.layers.ConvolutionLayer",
          "activationFn" : {
            "@class" : "org.nd4j.linalg.activations.impl.ActivationIdentity"
          },
          "biasInit" : 0.0,
          "biasUpdater" : null,
          "constraints" : null,
          "convolutionMode" : "Same",
          "cudnnAlgoMode" : "PREFER_FASTEST",
          "cudnnAllowFallback" : true,
          "cudnnBwdDataAlgo" : null,
          "cudnnBwdFilterAlgo" : null,
          "cudnnFwdAlgo" : null,
          "dilation" : [ 1, 1 ],
          "dist" : null,
          "gradientNormalization" : "RenormalizeL2PerLayer",
          "gradientNormalizationThreshold" : 1.0,
          "hasBias" : true,
          "idropout" : null,
          "iupdater" : {
            "@class" : "org.nd4j.linalg.learning.config.Adam",
            "beta1" : 0.9,
            "beta2" : 0.999,
            "epsilon" : 1.0E-8,
            "learningRate" : 1.0E-4
          },
          "kernelSize" : [ 1, 1 ],
          "l1" : 0.0,
          "l1Bias" : 0.0,
          "l2" : 1.0E-4,
          "l2Bias" : 0.0,
          "layerName" : "cnnBeforeYolo",
          "nin" : 128,
          "nout" : 112,
          "padding" : [ 0, 0 ],
          "pretrain" : false,
          "stride" : [ 1, 1 ],
          "weightInit" : "XAVIER",
          "weightNoise" : null
        },
        "maxNumLineSearchIterations" : 5,
        "miniBatch" : true,
        "minimize" : true,
        "optimizationAlgo" : "STOCHASTIC_GRADIENT_DESCENT",
        "pretrain" : false,
        "seed" : 123,
        "stepFunction" : null,
        "variables" : [ "W", "b" ]
      },
      "outputVertex" : false,
      "preProcessor" : null
    },
    "outputs" : {
      "@class" : "org.deeplearning4j.nn.conf.graph.LayerVertex",
      "layerConf" : {
        "cacheMode" : "NONE",
        "epochCount" : 0,
        "iterationCount" : 0,
        "layer" : {
          "@class" : "org.deeplearning4j.nn.conf.layers.objdetect.Yolo2OutputLayer",
          "boundingBoxes" : {
            "dataBuffer" : [ 5.9464287757873535, 5.5, 2.9732143878936768, 5.5, 7.9285712242126465, 5.5, 15.857142448425293, 5.5, 31.714284896850586, 5.5, 15.857142448425293, 0.9166666865348816, 7.9285712242126465, 0.9166666865348816 ],
            "shapeField" : [ 7, 2 ],
            "strideField" : [ 2, 1 ],
            "offsetField" : 0,
            "rankField" : 2,
            "numElements" : 14,
            "orderingField" : "c"
          },
          "constraints" : null,
          "gradientNormalization" : "None",
          "gradientNormalizationThreshold" : 1.0,
          "idropout" : null,
          "lambdaCoord" : 1.0,
          "lambdaNoObj" : 0.5,
          "layerName" : "outputs",
          "lossClassPredictions" : {
            "@class" : "org.nd4j.linalg.lossfunctions.impl.LossL2",
            "configProperties" : false,
            "numOutputs" : -1
          },
          "lossPositionScale" : {
            "@class" : "org.nd4j.linalg.lossfunctions.impl.LossL2",
            "configProperties" : false,
            "numOutputs" : -1
          },
          "pretrain" : false
        },
        "maxNumLineSearchIterations" : 5,
        "miniBatch" : true,
        "minimize" : true,
        "optimizationAlgo" : "STOCHASTIC_GRADIENT_DESCENT",
        "pretrain" : false,
        "seed" : 123,
        "stepFunction" : null,
        "variables" : [ ]
      },
      "outputVertex" : false,
      "preProcessor" : null
    }
  }
}