{
  "backprop" : true,
  "backpropType" : "Standard",
  "cacheMode" : "NONE",
  "defaultConfiguration" : {
    "cacheMode" : "NONE",
    "epochCount" : 0,
    "iterationCount" : 0,
    "l1ByParam" : { },
    "l2ByParam" : { },
    "layer" : null,
    "maxNumLineSearchIterations" : 5,
    "miniBatch" : true,
    "minimize" : true,
    "optimizationAlgo" : "STOCHASTIC_GRADIENT_DESCENT",
    "pretrain" : false,
    "seed" : 1542226927730,
    "stepFunction" : null,
    "variables" : [ "cnn1_W", "cnn1_b", "cnn2_W", "cnn2_b", "cnn3_W", "cnn3_b", "insert1_W", "insert1_b", "insert2_W", "insert2_b", "cnn4_W", "cnn4_b" ]
  },
  "epochCount" : 5,
  "inferenceWorkspaceMode" : "ENABLED",
  "iterationCount" : 50000,
  "networkInputs" : [ "input" ],
  "networkOutputs" : [ "outputs" ],
  "pretrain" : false,
  "tbpttBackLength" : 20,
  "tbpttFwdLength" : 20,
  "topologicalOrder" : [ 0, 1, 2, 3, 4, 5, 6, 7, 8, 9 ],
  "topologicalOrderStr" : [ "input", "cnn1", "cnn2", "pool1", "cnn3", "insert1", "pool2", "insert2", "cnn4", "outputs" ],
  "trainingWorkspaceMode" : "ENABLED",
  "vertexInputs" : {
    "cnn1" : [ "input" ],
    "cnn2" : [ "cnn1" ],
    "pool1" : [ "cnn2" ],
    "cnn3" : [ "pool1" ],
    "insert1" : [ "cnn3" ],
    "pool2" : [ "insert1" ],
    "insert2" : [ "pool2" ],
    "cnn4" : [ "insert2" ],
    "outputs" : [ "cnn4" ]
  },
  "vertices" : {
    "cnn1" : {
      "@class" : "org.deeplearning4j.nn.conf.graph.LayerVertex",
      "layerConf" : {
        "cacheMode" : "NONE",
        "epochCount" : 0,
        "iterationCount" : 0,
        "l1ByParam" : {
          "b" : 0.0,
          "W" : 0.0
        },
        "l2ByParam" : {
          "b" : 0.0,
          "W" : 0.0
        },
        "layer" : {
          "@class" : "org.deeplearning4j.nn.conf.layers.ConvolutionLayer",
          "activationFn" : {
            "@class" : "org.nd4j.linalg.activations.impl.ActivationReLU"
          },
          "biasInit" : 0.0,
          "biasUpdater" : null,
          "constraints" : null,
          "convolutionMode" : "Same",
          "cudnnAlgoMode" : "PREFER_FASTEST",
          "cudnnAllowFallback" : true,
          "cudnnBwdDataAlgo" : null,
          "cudnnBwdFilterAlgo" : null,
          "cudnnFwdAlgo" : null,
          "dilation" : [ 1, 1 ],
          "dist" : null,
          "gradientNormalization" : "None",
          "gradientNormalizationThreshold" : 1.0,
          "hasBias" : true,
          "idropout" : null,
          "iupdater" : {
            "@class" : "org.nd4j.linalg.learning.config.Adam",
            "beta1" : 0.9,
            "beta2" : 0.999,
            "epsilon" : 1.0E-8,
            "learningRate" : 0.001
          },
          "kernelSize" : [ 2, 3 ],
          "l1" : 0.0,
          "l1Bias" : 0.0,
          "l2" : 0.0,
          "l2Bias" : 0.0,
          "layerName" : "cnn1",
          "nin" : 1,
          "nout" : 32,
          "padding" : [ 0, 0 ],
          "stride" : [ 1, 1 ],
          "weightInit" : "XAVIER",
          "weightNoise" : null
        },
        "maxNumLineSearchIterations" : 5,
        "miniBatch" : true,
        "minimize" : true,
        "optimizationAlgo" : "STOCHASTIC_GRADIENT_DESCENT",
        "pretrain" : false,
        "seed" : 1542226927730,
        "stepFunction" : null,
        "variables" : [ "W", "b" ]
      },
      "outputVertex" : false,
      "preProcessor" : null
    },
    "cnn2" : {
      "@class" : "org.deeplearning4j.nn.conf.graph.LayerVertex",
      "layerConf" : {
        "cacheMode" : "NONE",
        "epochCount" : 0,
        "iterationCount" : 0,
        "l1ByParam" : {
          "b" : 0.0,
          "W" : 0.0
        },
        "l2ByParam" : {
          "b" : 0.0,
          "W" : 0.0
        },
        "layer" : {
          "@class" : "org.deeplearning4j.nn.conf.layers.ConvolutionLayer",
          "activationFn" : {
            "@class" : "org.nd4j.linalg.activations.impl.ActivationReLU"
          },
          "biasInit" : 0.0,
          "biasUpdater" : null,
          "constraints" : null,
          "convolutionMode" : "Same",
          "cudnnAlgoMode" : "PREFER_FASTEST",
          "cudnnAllowFallback" : true,
          "cudnnBwdDataAlgo" : null,
          "cudnnBwdFilterAlgo" : null,
          "cudnnFwdAlgo" : null,
          "dilation" : [ 1, 1 ],
          "dist" : null,
          "gradientNormalization" : "None",
          "gradientNormalizationThreshold" : 1.0,
          "hasBias" : true,
          "idropout" : null,
          "iupdater" : {
            "@class" : "org.nd4j.linalg.learning.config.Adam",
            "beta1" : 0.9,
            "beta2" : 0.999,
            "epsilon" : 1.0E-8,
            "learningRate" : 0.001
          },
          "kernelSize" : [ 2, 2 ],
          "l1" : 0.0,
          "l1Bias" : 0.0,
          "l2" : 0.0,
          "l2Bias" : 0.0,
          "layerName" : "cnn2",
          "nin" : 32,
          "nout" : 64,
          "padding" : [ 0, 0 ],
          "stride" : [ 1, 1 ],
          "weightInit" : "XAVIER",
          "weightNoise" : null
        },
        "maxNumLineSearchIterations" : 5,
        "miniBatch" : true,
        "minimize" : true,
        "optimizationAlgo" : "STOCHASTIC_GRADIENT_DESCENT",
        "pretrain" : false,
        "seed" : 1542226927730,
        "stepFunction" : null,
        "variables" : [ "W", "b" ]
      },
      "outputVertex" : false,
      "preProcessor" : null
    },
    "pool1" : {
      "@class" : "org.deeplearning4j.nn.conf.graph.LayerVertex",
      "layerConf" : {
        "cacheMode" : "NONE",
        "epochCount" : 0,
        "iterationCount" : 0,
        "l1ByParam" : { },
        "l2ByParam" : { },
        "layer" : {
          "@class" : "org.deeplearning4j.nn.conf.layers.SubsamplingLayer",
          "constraints" : null,
          "convolutionMode" : "Truncate",
          "cudnnAllowFallback" : true,
          "dilation" : [ 1, 1 ],
          "eps" : 1.0E-8,
          "idropout" : null,
          "kernelSize" : [ 2, 2 ],
          "layerName" : "pool1",
          "padding" : [ 0, 0 ],
          "pnorm" : 0,
          "poolingType" : "MAX",
          "stride" : [ 2, 2 ]
        },
        "maxNumLineSearchIterations" : 5,
        "miniBatch" : true,
        "minimize" : true,
        "optimizationAlgo" : "STOCHASTIC_GRADIENT_DESCENT",
        "pretrain" : false,
        "seed" : 1542226927730,
        "stepFunction" : null,
        "variables" : [ ]
      },
      "outputVertex" : false,
      "preProcessor" : null
    },
    "cnn3" : {
      "@class" : "org.deeplearning4j.nn.conf.graph.LayerVertex",
      "layerConf" : {
        "cacheMode" : "NONE",
        "epochCount" : 0,
        "iterationCount" : 0,
        "l1ByParam" : {
          "b" : 0.0,
          "W" : 0.0
        },
        "l2ByParam" : {
          "b" : 0.0,
          "W" : 0.0
        },
        "layer" : {
          "@class" : "org.deeplearning4j.nn.conf.layers.ConvolutionLayer",
          "activationFn" : {
            "@class" : "org.nd4j.linalg.activations.impl.ActivationReLU"
          },
          "biasInit" : 0.0,
          "biasUpdater" : null,
          "constraints" : null,
          "convolutionMode" : "Same",
          "cudnnAlgoMode" : "PREFER_FASTEST",
          "cudnnAllowFallback" : true,
          "cudnnBwdDataAlgo" : null,
          "cudnnBwdFilterAlgo" : null,
          "cudnnFwdAlgo" : null,
          "dilation" : [ 1, 1 ],
          "dist" : null,
          "gradientNormalization" : "None",
          "gradientNormalizationThreshold" : 1.0,
          "hasBias" : true,
          "idropout" : null,
          "iupdater" : {
            "@class" : "org.nd4j.linalg.learning.config.Adam",
            "beta1" : 0.9,
            "beta2" : 0.999,
            "epsilon" : 1.0E-8,
            "learningRate" : 0.001
          },
          "kernelSize" : [ 2, 2 ],
          "l1" : 0.0,
          "l1Bias" : 0.0,
          "l2" : 0.0,
          "l2Bias" : 0.0,
          "layerName" : "cnn3",
          "nin" : 64,
          "nout" : 128,
          "padding" : [ 0, 0 ],
          "stride" : [ 1, 1 ],
          "weightInit" : "XAVIER",
          "weightNoise" : null
        },
        "maxNumLineSearchIterations" : 5,
        "miniBatch" : true,
        "minimize" : true,
        "optimizationAlgo" : "STOCHASTIC_GRADIENT_DESCENT",
        "pretrain" : false,
        "seed" : 1542226927730,
        "stepFunction" : null,
        "variables" : [ "W", "b" ]
      },
      "outputVertex" : false,
      "preProcessor" : null
    },
    "insert1" : {
      "@class" : "org.deeplearning4j.nn.conf.graph.LayerVertex",
      "layerConf" : {
        "cacheMode" : "NONE",
        "epochCount" : 0,
        "iterationCount" : 0,
        "l1ByParam" : {
          "b" : 0.0,
          "W" : 0.0
        },
        "l2ByParam" : {
          "b" : 0.0,
          "W" : 0.0
        },
        "layer" : {
          "@class" : "org.deeplearning4j.nn.conf.layers.ConvolutionLayer",
          "activationFn" : {
            "@class" : "org.nd4j.linalg.activations.impl.ActivationReLU"
          },
          "biasInit" : 0.0,
          "biasUpdater" : null,
          "constraints" : null,
          "convolutionMode" : "Same",
          "cudnnAlgoMode" : "PREFER_FASTEST",
          "cudnnAllowFallback" : true,
          "cudnnBwdDataAlgo" : null,
          "cudnnBwdFilterAlgo" : null,
          "cudnnFwdAlgo" : null,
          "dilation" : [ 1, 1 ],
          "dist" : null,
          "gradientNormalization" : "None",
          "gradientNormalizationThreshold" : 1.0,
          "hasBias" : true,
          "idropout" : null,
          "iupdater" : {
            "@class" : "org.nd4j.linalg.learning.config.Adam",
            "beta1" : 0.9,
            "beta2" : 0.999,
            "epsilon" : 1.0E-8,
            "learningRate" : 0.001
          },
          "kernelSize" : [ 1, 2 ],
          "l1" : 0.0,
          "l1Bias" : 0.0,
          "l2" : 0.0,
          "l2Bias" : 0.0,
          "layerName" : "insert1",
          "nin" : 128,
          "nout" : 256,
          "padding" : [ 0, 0 ],
          "stride" : [ 1, 1 ],
          "weightInit" : "XAVIER",
          "weightNoise" : null
        },
        "maxNumLineSearchIterations" : 5,
        "miniBatch" : true,
        "minimize" : true,
        "optimizationAlgo" : "STOCHASTIC_GRADIENT_DESCENT",
        "pretrain" : false,
        "seed" : 1542226927730,
        "stepFunction" : null,
        "variables" : [ "W", "b" ]
      },
      "outputVertex" : false,
      "preProcessor" : null
    },
    "pool2" : {
      "@class" : "org.deeplearning4j.nn.conf.graph.LayerVertex",
      "layerConf" : {
        "cacheMode" : "NONE",
        "epochCount" : 0,
        "iterationCount" : 0,
        "l1ByParam" : { },
        "l2ByParam" : { },
        "layer" : {
          "@class" : "org.deeplearning4j.nn.conf.layers.SubsamplingLayer",
          "constraints" : null,
          "convolutionMode" : "Truncate",
          "cudnnAllowFallback" : true,
          "dilation" : [ 1, 1 ],
          "eps" : 1.0E-8,
          "idropout" : null,
          "kernelSize" : [ 1, 2 ],
          "layerName" : "pool2",
          "padding" : [ 0, 0 ],
          "pnorm" : 0,
          "poolingType" : "MAX",
          "stride" : [ 1, 2 ]
        },
        "maxNumLineSearchIterations" : 5,
        "miniBatch" : true,
        "minimize" : true,
        "optimizationAlgo" : "STOCHASTIC_GRADIENT_DESCENT",
        "pretrain" : false,
        "seed" : 1542226927730,
        "stepFunction" : null,
        "variables" : [ ]
      },
      "outputVertex" : false,
      "preProcessor" : null
    },
    "insert2" : {
      "@class" : "org.deeplearning4j.nn.conf.graph.LayerVertex",
      "layerConf" : {
        "cacheMode" : "NONE",
        "epochCount" : 0,
        "iterationCount" : 0,
        "l1ByParam" : {
          "b" : 0.0,
          "W" : 0.0
        },
        "l2ByParam" : {
          "b" : 0.0,
          "W" : 0.0
        },
        "layer" : {
          "@class" : "org.deeplearning4j.nn.conf.layers.ConvolutionLayer",
          "activationFn" : {
            "@class" : "org.nd4j.linalg.activations.impl.ActivationReLU"
          },
          "biasInit" : 0.0,
          "biasUpdater" : null,
          "constraints" : null,
          "convolutionMode" : "Same",
          "cudnnAlgoMode" : "PREFER_FASTEST",
          "cudnnAllowFallback" : true,
          "cudnnBwdDataAlgo" : null,
          "cudnnBwdFilterAlgo" : null,
          "cudnnFwdAlgo" : null,
          "dilation" : [ 1, 1 ],
          "dist" : null,
          "gradientNormalization" : "None",
          "gradientNormalizationThreshold" : 1.0,
          "hasBias" : true,
          "idropout" : null,
          "iupdater" : {
            "@class" : "org.nd4j.linalg.learning.config.Adam",
            "beta1" : 0.9,
            "beta2" : 0.999,
            "epsilon" : 1.0E-8,
            "learningRate" : 0.001
          },
          "kernelSize" : [ 2, 2 ],
          "l1" : 0.0,
          "l1Bias" : 0.0,
          "l2" : 0.0,
          "l2Bias" : 0.0,
          "layerName" : "insert2",
          "nin" : 256,
          "nout" : 512,
          "padding" : [ 0, 0 ],
          "stride" : [ 1, 1 ],
          "weightInit" : "XAVIER",
          "weightNoise" : null
        },
        "maxNumLineSearchIterations" : 5,
        "miniBatch" : true,
        "minimize" : true,
        "optimizationAlgo" : "STOCHASTIC_GRADIENT_DESCENT",
        "pretrain" : false,
        "seed" : 1542226927730,
        "stepFunction" : null,
        "variables" : [ "W", "b" ]
      },
      "outputVertex" : false,
      "preProcessor" : null
    },
    "cnn4" : {
      "@class" : "org.deeplearning4j.nn.conf.graph.LayerVertex",
      "layerConf" : {
        "cacheMode" : "NONE",
        "epochCount" : 0,
        "iterationCount" : 0,
        "l1ByParam" : {
          "b" : 0.0,
          "W" : 0.0
        },
        "l2ByParam" : {
          "b" : 0.0,
          "W" : 0.0
        },
        "layer" : {
          "@class" : "org.deeplearning4j.nn.conf.layers.ConvolutionLayer",
          "activationFn" : {
            "@class" : "org.nd4j.linalg.activations.impl.ActivationIdentity"
          },
          "biasInit" : 0.0,
          "biasUpdater" : null,
          "constraints" : null,
          "convolutionMode" : "Same",
          "cudnnAlgoMode" : "PREFER_FASTEST",
          "cudnnAllowFallback" : true,
          "cudnnBwdDataAlgo" : null,
          "cudnnBwdFilterAlgo" : null,
          "cudnnFwdAlgo" : null,
          "dilation" : [ 1, 1 ],
          "dist" : null,
          "gradientNormalization" : "None",
          "gradientNormalizationThreshold" : 1.0,
          "hasBias" : true,
          "idropout" : null,
          "iupdater" : {
            "@class" : "org.nd4j.linalg.learning.config.Adam",
            "beta1" : 0.9,
            "beta2" : 0.999,
            "epsilon" : 1.0E-8,
            "learningRate" : 0.001
          },
          "kernelSize" : [ 1, 1 ],
          "l1" : 0.0,
          "l1Bias" : 0.0,
          "l2" : 0.0,
          "l2Bias" : 0.0,
          "layerName" : "cnn4",
          "nin" : 512,
          "nout" : 152,
          "padding" : [ 0, 0 ],
          "stride" : [ 1, 1 ],
          "weightInit" : "RELU",
          "weightNoise" : null
        },
        "maxNumLineSearchIterations" : 5,
        "miniBatch" : true,
        "minimize" : true,
        "optimizationAlgo" : "STOCHASTIC_GRADIENT_DESCENT",
        "pretrain" : false,
        "seed" : 1542226927730,
        "stepFunction" : null,
        "variables" : [ "W", "b" ]
      },
      "outputVertex" : false,
      "preProcessor" : null
    },
    "outputs" : {
      "@class" : "org.deeplearning4j.nn.conf.graph.LayerVertex",
      "layerConf" : {
        "cacheMode" : "NONE",
        "epochCount" : 0,
        "iterationCount" : 0,
        "l1ByParam" : { },
        "l2ByParam" : { },
        "layer" : {
          "@class" : "org.deeplearning4j.nn.conf.layers.objdetect.Yolo2OutputLayer",
          "boundingBoxes" : {
            "dataBuffer" : [ 8.0, 6.0, 16.0, 6.0, 32.0, 6.0, 8.0, 1.0, 16.0, 1.0, 6.0, 6.0, 3.0, 6.0, 1.0, 1.0 ],
            "shapeField" : [ 8, 2 ],
            "strideField" : [ 2, 1 ],
            "offsetField" : 0,
            "typeField" : "real",
            "rankField" : 2,
            "numElements" : 16,
            "orderingField" : "c"
          },
          "constraints" : null,
          "idropout" : null,
          "lambdaCoord" : 1.0,
          "lambdaNoObj" : 0.5,
          "layerName" : "outputs",
          "lossClassPredictions" : {
            "@class" : "org.nd4j.linalg.lossfunctions.impl.LossL2",
            "configProperties" : false
          },
          "lossPositionScale" : {
            "@class" : "org.nd4j.linalg.lossfunctions.impl.LossL2",
            "configProperties" : false
          }
        },
        "maxNumLineSearchIterations" : 5,
        "miniBatch" : true,
        "minimize" : true,
        "optimizationAlgo" : "STOCHASTIC_GRADIENT_DESCENT",
        "pretrain" : false,
        "seed" : 1542226927730,
        "stepFunction" : null,
        "variables" : [ ]
      },
      "outputVertex" : false,
      "preProcessor" : null
    }
  }
}