{
  "backprop" : true,
  "backpropType" : "Standard",
  "cacheMode" : "NONE",
  "defaultConfiguration" : {
    "cacheMode" : "NONE",
    "epochCount" : 0,
    "iterationCount" : 0,
    "l1ByParam" : { },
    "l2ByParam" : { },
    "layer" : null,
    "maxNumLineSearchIterations" : 5,
    "miniBatch" : true,
    "minimize" : true,
    "optimizationAlgo" : "STOCHASTIC_GRADIENT_DESCENT",
    "pretrain" : false,
    "seed" : 123,
    "stepFunction" : null,
    "variables" : [ "startercnn_W", "startercnn_b", "cnn1_W", "cnn1_b", "cnn2_W", "cnn2_b", "cnn3_W", "cnn3_b", "cnn1Block1_W", "cnn1Block1_b", "cnn2Block1_W", "cnn2Block1_b", "cnn3Block1_W", "cnn3Block1_b", "cnn1Block2_W", "cnn1Block2_b", "cnn2Block2_W", "cnn2Block2_b", "cnn3Block2_W", "cnn3Block2_b", "cnn1Block3_W", "cnn1Block3_b", "cnn2Block3_W", "cnn2Block3_b", "cnn3Block3_W", "cnn3Block3_b", "cnn1Block4_W", "cnn1Block4_b", "cnn2Block4_W", "cnn2Block4_b", "cnn3Block4_W", "cnn3Block4_b", "cnn1Block5_W", "cnn1Block5_b", "cnn2Block5_W", "cnn2Block5_b", "cnn3Block5_W", "cnn3Block5_b", "oddcnn_W", "oddcnn_b", "cnn4_W", "cnn4_b" ]
  },
  "epochCount" : 7,
  "inferenceWorkspaceMode" : "ENABLED",
  "iterationCount" : 70000,
  "networkInputs" : [ "input" ],
  "networkOutputs" : [ "outputs" ],
  "pretrain" : false,
  "tbpttBackLength" : 20,
  "tbpttFwdLength" : 20,
  "topologicalOrder" : [ 0, 1, 2, 3, 4, 5, 6, 7, 8, 9, 10, 11, 12, 13, 14, 15, 16, 17, 18, 19, 20, 21, 22, 23, 24, 25, 26, 27, 28, 29, 30, 31, 32, 33, 34 ],
  "topologicalOrderStr" : [ "input", "startercnn", "cnn1", "cnn2", "cnn3", "shortcut", "activationBlock", "cnn1Block1", "cnn2Block1", "cnn3Block1", "shortcut1", "activationBlock1", "cnn1Block2", "cnn2Block2", "cnn3Block2", "shortcut2", "activationBlock2", "cnn1Block3", "cnn2Block3", "cnn3Block3", "shortcut3", "activationBlock3", "cnn1Block4", "cnn2Block4", "cnn3Block4", "shortcut4", "activationBlock4", "cnn1Block5", "cnn2Block5", "cnn3Block5", "shortcut5", "activationBlock5", "oddcnn", "cnn4", "outputs" ],
  "trainingWorkspaceMode" : "ENABLED",
  "vertexInputs" : {
    "startercnn" : [ "input" ],
    "cnn1" : [ "startercnn" ],
    "cnn2" : [ "cnn1" ],
    "cnn3" : [ "cnn2" ],
    "shortcut" : [ "cnn1", "cnn3" ],
    "activationBlock" : [ "shortcut" ],
    "cnn1Block1" : [ "activationBlock" ],
    "cnn2Block1" : [ "cnn1Block1" ],
    "cnn3Block1" : [ "cnn2Block1" ],
    "shortcut1" : [ "cnn1Block1", "cnn3Block1" ],
    "activationBlock1" : [ "shortcut1" ],
    "cnn1Block2" : [ "activationBlock1" ],
    "cnn2Block2" : [ "cnn1Block2" ],
    "cnn3Block2" : [ "cnn2Block2" ],
    "shortcut2" : [ "cnn1Block2", "cnn3Block2" ],
    "activationBlock2" : [ "shortcut2" ],
    "cnn1Block3" : [ "activationBlock2" ],
    "cnn2Block3" : [ "cnn1Block3" ],
    "cnn3Block3" : [ "cnn2Block3" ],
    "shortcut3" : [ "cnn1Block3", "cnn3Block3" ],
    "activationBlock3" : [ "shortcut3" ],
    "cnn1Block4" : [ "activationBlock3" ],
    "cnn2Block4" : [ "cnn1Block4" ],
    "cnn3Block4" : [ "cnn2Block4" ],
    "shortcut4" : [ "cnn1Block4", "cnn3Block4" ],
    "activationBlock4" : [ "shortcut4" ],
    "cnn1Block5" : [ "activationBlock4" ],
    "cnn2Block5" : [ "cnn1Block5" ],
    "cnn3Block5" : [ "cnn2Block5" ],
    "shortcut5" : [ "cnn1Block5", "cnn3Block5" ],
    "activationBlock5" : [ "shortcut5" ],
    "oddcnn" : [ "activationBlock5" ],
    "cnn4" : [ "oddcnn" ],
    "outputs" : [ "cnn4" ]
  },
  "vertices" : {
    "startercnn" : {
      "@class" : "org.deeplearning4j.nn.conf.graph.LayerVertex",
      "layerConf" : {
        "cacheMode" : "NONE",
        "epochCount" : 0,
        "iterationCount" : 0,
        "l1ByParam" : {
          "b" : 0.0,
          "W" : 0.0
        },
        "l2ByParam" : {
          "b" : 0.0,
          "W" : 1.0E-4
        },
        "layer" : {
          "@class" : "org.deeplearning4j.nn.conf.layers.ConvolutionLayer",
          "activationFn" : {
            "@class" : "org.nd4j.linalg.activations.impl.ActivationLReLU",
            "alpha" : 0.1
          },
          "biasInit" : 0.0,
          "biasUpdater" : null,
          "constraints" : null,
          "convolutionMode" : "Same",
          "cudnnAlgoMode" : "PREFER_FASTEST",
          "cudnnAllowFallback" : true,
          "cudnnBwdDataAlgo" : null,
          "cudnnBwdFilterAlgo" : null,
          "cudnnFwdAlgo" : null,
          "dilation" : [ 1, 1 ],
          "dist" : null,
          "gradientNormalization" : "RenormalizeL2PerLayer",
          "gradientNormalizationThreshold" : 1.0,
          "hasBias" : true,
          "idropout" : null,
          "iupdater" : {
            "@class" : "org.nd4j.linalg.learning.config.Adam",
            "beta1" : 0.9,
            "beta2" : 0.999,
            "epsilon" : 1.0E-8,
            "learningRate" : 1.0E-4
          },
          "kernelSize" : [ 3, 3 ],
          "l1" : 0.0,
          "l1Bias" : 0.0,
          "l2" : 1.0E-4,
          "l2Bias" : 0.0,
          "layerName" : "startercnn",
          "nin" : 1,
          "nout" : 32,
          "padding" : [ 0, 0 ],
          "stride" : [ 1, 1 ],
          "weightInit" : "XAVIER",
          "weightNoise" : null
        },
        "maxNumLineSearchIterations" : 5,
        "miniBatch" : true,
        "minimize" : true,
        "optimizationAlgo" : "STOCHASTIC_GRADIENT_DESCENT",
        "pretrain" : false,
        "seed" : 123,
        "stepFunction" : null,
        "variables" : [ "W", "b" ]
      },
      "outputVertex" : false,
      "preProcessor" : null
    },
    "cnn1" : {
      "@class" : "org.deeplearning4j.nn.conf.graph.LayerVertex",
      "layerConf" : {
        "cacheMode" : "NONE",
        "epochCount" : 0,
        "iterationCount" : 0,
        "l1ByParam" : {
          "b" : 0.0,
          "W" : 0.0
        },
        "l2ByParam" : {
          "b" : 0.0,
          "W" : 1.0E-4
        },
        "layer" : {
          "@class" : "org.deeplearning4j.nn.conf.layers.ConvolutionLayer",
          "activationFn" : {
            "@class" : "org.nd4j.linalg.activations.impl.ActivationLReLU",
            "alpha" : 0.1
          },
          "biasInit" : 0.0,
          "biasUpdater" : null,
          "constraints" : null,
          "convolutionMode" : "Same",
          "cudnnAlgoMode" : "PREFER_FASTEST",
          "cudnnAllowFallback" : true,
          "cudnnBwdDataAlgo" : null,
          "cudnnBwdFilterAlgo" : null,
          "cudnnFwdAlgo" : null,
          "dilation" : [ 1, 1 ],
          "dist" : null,
          "gradientNormalization" : "RenormalizeL2PerLayer",
          "gradientNormalizationThreshold" : 1.0,
          "hasBias" : true,
          "idropout" : null,
          "iupdater" : {
            "@class" : "org.nd4j.linalg.learning.config.Adam",
            "beta1" : 0.9,
            "beta2" : 0.999,
            "epsilon" : 1.0E-8,
            "learningRate" : 1.0E-4
          },
          "kernelSize" : [ 2, 3 ],
          "l1" : 0.0,
          "l1Bias" : 0.0,
          "l2" : 1.0E-4,
          "l2Bias" : 0.0,
          "layerName" : "cnn1",
          "nin" : 32,
          "nout" : 64,
          "padding" : [ 0, 0 ],
          "stride" : [ 1, 2 ],
          "weightInit" : "XAVIER",
          "weightNoise" : null
        },
        "maxNumLineSearchIterations" : 5,
        "miniBatch" : true,
        "minimize" : true,
        "optimizationAlgo" : "STOCHASTIC_GRADIENT_DESCENT",
        "pretrain" : false,
        "seed" : 123,
        "stepFunction" : null,
        "variables" : [ "W", "b" ]
      },
      "outputVertex" : false,
      "preProcessor" : null
    },
    "cnn2" : {
      "@class" : "org.deeplearning4j.nn.conf.graph.LayerVertex",
      "layerConf" : {
        "cacheMode" : "NONE",
        "epochCount" : 0,
        "iterationCount" : 0,
        "l1ByParam" : {
          "b" : 0.0,
          "W" : 0.0
        },
        "l2ByParam" : {
          "b" : 0.0,
          "W" : 1.0E-4
        },
        "layer" : {
          "@class" : "org.deeplearning4j.nn.conf.layers.ConvolutionLayer",
          "activationFn" : {
            "@class" : "org.nd4j.linalg.activations.impl.ActivationLReLU",
            "alpha" : 0.1
          },
          "biasInit" : 0.0,
          "biasUpdater" : null,
          "constraints" : null,
          "convolutionMode" : "Same",
          "cudnnAlgoMode" : "PREFER_FASTEST",
          "cudnnAllowFallback" : true,
          "cudnnBwdDataAlgo" : null,
          "cudnnBwdFilterAlgo" : null,
          "cudnnFwdAlgo" : null,
          "dilation" : [ 1, 1 ],
          "dist" : null,
          "gradientNormalization" : "RenormalizeL2PerLayer",
          "gradientNormalizationThreshold" : 1.0,
          "hasBias" : true,
          "idropout" : null,
          "iupdater" : {
            "@class" : "org.nd4j.linalg.learning.config.Adam",
            "beta1" : 0.9,
            "beta2" : 0.999,
            "epsilon" : 1.0E-8,
            "learningRate" : 1.0E-4
          },
          "kernelSize" : [ 2, 2 ],
          "l1" : 0.0,
          "l1Bias" : 0.0,
          "l2" : 1.0E-4,
          "l2Bias" : 0.0,
          "layerName" : "cnn2",
          "nin" : 64,
          "nout" : 32,
          "padding" : [ 0, 0 ],
          "stride" : [ 1, 1 ],
          "weightInit" : "XAVIER",
          "weightNoise" : null
        },
        "maxNumLineSearchIterations" : 5,
        "miniBatch" : true,
        "minimize" : true,
        "optimizationAlgo" : "STOCHASTIC_GRADIENT_DESCENT",
        "pretrain" : false,
        "seed" : 123,
        "stepFunction" : null,
        "variables" : [ "W", "b" ]
      },
      "outputVertex" : false,
      "preProcessor" : null
    },
    "cnn3" : {
      "@class" : "org.deeplearning4j.nn.conf.graph.LayerVertex",
      "layerConf" : {
        "cacheMode" : "NONE",
        "epochCount" : 0,
        "iterationCount" : 0,
        "l1ByParam" : {
          "b" : 0.0,
          "W" : 0.0
        },
        "l2ByParam" : {
          "b" : 0.0,
          "W" : 1.0E-4
        },
        "layer" : {
          "@class" : "org.deeplearning4j.nn.conf.layers.ConvolutionLayer",
          "activationFn" : {
            "@class" : "org.nd4j.linalg.activations.impl.ActivationIdentity"
          },
          "biasInit" : 0.0,
          "biasUpdater" : null,
          "constraints" : null,
          "convolutionMode" : "Same",
          "cudnnAlgoMode" : "PREFER_FASTEST",
          "cudnnAllowFallback" : true,
          "cudnnBwdDataAlgo" : null,
          "cudnnBwdFilterAlgo" : null,
          "cudnnFwdAlgo" : null,
          "dilation" : [ 1, 1 ],
          "dist" : null,
          "gradientNormalization" : "RenormalizeL2PerLayer",
          "gradientNormalizationThreshold" : 1.0,
          "hasBias" : true,
          "idropout" : null,
          "iupdater" : {
            "@class" : "org.nd4j.linalg.learning.config.Adam",
            "beta1" : 0.9,
            "beta2" : 0.999,
            "epsilon" : 1.0E-8,
            "learningRate" : 1.0E-4
          },
          "kernelSize" : [ 2, 2 ],
          "l1" : 0.0,
          "l1Bias" : 0.0,
          "l2" : 1.0E-4,
          "l2Bias" : 0.0,
          "layerName" : "cnn3",
          "nin" : 32,
          "nout" : 64,
          "padding" : [ 0, 0 ],
          "stride" : [ 1, 1 ],
          "weightInit" : "XAVIER",
          "weightNoise" : null
        },
        "maxNumLineSearchIterations" : 5,
        "miniBatch" : true,
        "minimize" : true,
        "optimizationAlgo" : "STOCHASTIC_GRADIENT_DESCENT",
        "pretrain" : false,
        "seed" : 123,
        "stepFunction" : null,
        "variables" : [ "W", "b" ]
      },
      "outputVertex" : false,
      "preProcessor" : null
    },
    "shortcut" : {
      "@class" : "org.deeplearning4j.nn.conf.graph.ElementWiseVertex",
      "op" : "Add"
    },
    "activationBlock" : {
      "@class" : "org.deeplearning4j.nn.conf.graph.LayerVertex",
      "layerConf" : {
        "cacheMode" : "NONE",
        "epochCount" : 0,
        "iterationCount" : 0,
        "l1ByParam" : { },
        "l2ByParam" : { },
        "layer" : {
          "@class" : "org.deeplearning4j.nn.conf.layers.ActivationLayer",
          "activationFn" : {
            "@class" : "org.nd4j.linalg.activations.impl.ActivationReLU"
          },
          "constraints" : null,
          "idropout" : null,
          "layerName" : "activationBlock"
        },
        "maxNumLineSearchIterations" : 5,
        "miniBatch" : true,
        "minimize" : true,
        "optimizationAlgo" : "STOCHASTIC_GRADIENT_DESCENT",
        "pretrain" : false,
        "seed" : 123,
        "stepFunction" : null,
        "variables" : [ ]
      },
      "outputVertex" : false,
      "preProcessor" : null
    },
    "cnn1Block1" : {
      "@class" : "org.deeplearning4j.nn.conf.graph.LayerVertex",
      "layerConf" : {
        "cacheMode" : "NONE",
        "epochCount" : 0,
        "iterationCount" : 0,
        "l1ByParam" : {
          "b" : 0.0,
          "W" : 0.0
        },
        "l2ByParam" : {
          "b" : 0.0,
          "W" : 1.0E-4
        },
        "layer" : {
          "@class" : "org.deeplearning4j.nn.conf.layers.ConvolutionLayer",
          "activationFn" : {
            "@class" : "org.nd4j.linalg.activations.impl.ActivationLReLU",
            "alpha" : 0.1
          },
          "biasInit" : 0.0,
          "biasUpdater" : null,
          "constraints" : null,
          "convolutionMode" : "Truncate",
          "cudnnAlgoMode" : "PREFER_FASTEST",
          "cudnnAllowFallback" : true,
          "cudnnBwdDataAlgo" : null,
          "cudnnBwdFilterAlgo" : null,
          "cudnnFwdAlgo" : null,
          "dilation" : [ 1, 1 ],
          "dist" : null,
          "gradientNormalization" : "RenormalizeL2PerLayer",
          "gradientNormalizationThreshold" : 1.0,
          "hasBias" : true,
          "idropout" : null,
          "iupdater" : {
            "@class" : "org.nd4j.linalg.learning.config.Adam",
            "beta1" : 0.9,
            "beta2" : 0.999,
            "epsilon" : 1.0E-8,
            "learningRate" : 1.0E-4
          },
          "kernelSize" : [ 2, 3 ],
          "l1" : 0.0,
          "l1Bias" : 0.0,
          "l2" : 1.0E-4,
          "l2Bias" : 0.0,
          "layerName" : "cnn1Block1",
          "nin" : 64,
          "nout" : 64,
          "padding" : [ 0, 0 ],
          "stride" : [ 1, 1 ],
          "weightInit" : "XAVIER",
          "weightNoise" : null
        },
        "maxNumLineSearchIterations" : 5,
        "miniBatch" : true,
        "minimize" : true,
        "optimizationAlgo" : "STOCHASTIC_GRADIENT_DESCENT",
        "pretrain" : false,
        "seed" : 123,
        "stepFunction" : null,
        "variables" : [ "W", "b" ]
      },
      "outputVertex" : false,
      "preProcessor" : null
    },
    "cnn2Block1" : {
      "@class" : "org.deeplearning4j.nn.conf.graph.LayerVertex",
      "layerConf" : {
        "cacheMode" : "NONE",
        "epochCount" : 0,
        "iterationCount" : 0,
        "l1ByParam" : {
          "b" : 0.0,
          "W" : 0.0
        },
        "l2ByParam" : {
          "b" : 0.0,
          "W" : 1.0E-4
        },
        "layer" : {
          "@class" : "org.deeplearning4j.nn.conf.layers.ConvolutionLayer",
          "activationFn" : {
            "@class" : "org.nd4j.linalg.activations.impl.ActivationLReLU",
            "alpha" : 0.1
          },
          "biasInit" : 0.0,
          "biasUpdater" : null,
          "constraints" : null,
          "convolutionMode" : "Same",
          "cudnnAlgoMode" : "PREFER_FASTEST",
          "cudnnAllowFallback" : true,
          "cudnnBwdDataAlgo" : null,
          "cudnnBwdFilterAlgo" : null,
          "cudnnFwdAlgo" : null,
          "dilation" : [ 1, 1 ],
          "dist" : null,
          "gradientNormalization" : "RenormalizeL2PerLayer",
          "gradientNormalizationThreshold" : 1.0,
          "hasBias" : true,
          "idropout" : null,
          "iupdater" : {
            "@class" : "org.nd4j.linalg.learning.config.Adam",
            "beta1" : 0.9,
            "beta2" : 0.999,
            "epsilon" : 1.0E-8,
            "learningRate" : 1.0E-4
          },
          "kernelSize" : [ 1, 1 ],
          "l1" : 0.0,
          "l1Bias" : 0.0,
          "l2" : 1.0E-4,
          "l2Bias" : 0.0,
          "layerName" : "cnn2Block1",
          "nin" : 64,
          "nout" : 128,
          "padding" : [ 0, 0 ],
          "stride" : [ 1, 1 ],
          "weightInit" : "XAVIER",
          "weightNoise" : null
        },
        "maxNumLineSearchIterations" : 5,
        "miniBatch" : true,
        "minimize" : true,
        "optimizationAlgo" : "STOCHASTIC_GRADIENT_DESCENT",
        "pretrain" : false,
        "seed" : 123,
        "stepFunction" : null,
        "variables" : [ "W", "b" ]
      },
      "outputVertex" : false,
      "preProcessor" : null
    },
    "cnn3Block1" : {
      "@class" : "org.deeplearning4j.nn.conf.graph.LayerVertex",
      "layerConf" : {
        "cacheMode" : "NONE",
        "epochCount" : 0,
        "iterationCount" : 0,
        "l1ByParam" : {
          "b" : 0.0,
          "W" : 0.0
        },
        "l2ByParam" : {
          "b" : 0.0,
          "W" : 1.0E-4
        },
        "layer" : {
          "@class" : "org.deeplearning4j.nn.conf.layers.ConvolutionLayer",
          "activationFn" : {
            "@class" : "org.nd4j.linalg.activations.impl.ActivationIdentity"
          },
          "biasInit" : 0.0,
          "biasUpdater" : null,
          "constraints" : null,
          "convolutionMode" : "Same",
          "cudnnAlgoMode" : "PREFER_FASTEST",
          "cudnnAllowFallback" : true,
          "cudnnBwdDataAlgo" : null,
          "cudnnBwdFilterAlgo" : null,
          "cudnnFwdAlgo" : null,
          "dilation" : [ 1, 1 ],
          "dist" : null,
          "gradientNormalization" : "RenormalizeL2PerLayer",
          "gradientNormalizationThreshold" : 1.0,
          "hasBias" : true,
          "idropout" : null,
          "iupdater" : {
            "@class" : "org.nd4j.linalg.learning.config.Adam",
            "beta1" : 0.9,
            "beta2" : 0.999,
            "epsilon" : 1.0E-8,
            "learningRate" : 1.0E-4
          },
          "kernelSize" : [ 2, 2 ],
          "l1" : 0.0,
          "l1Bias" : 0.0,
          "l2" : 1.0E-4,
          "l2Bias" : 0.0,
          "layerName" : "cnn3Block1",
          "nin" : 128,
          "nout" : 64,
          "padding" : [ 0, 0 ],
          "stride" : [ 1, 1 ],
          "weightInit" : "XAVIER",
          "weightNoise" : null
        },
        "maxNumLineSearchIterations" : 5,
        "miniBatch" : true,
        "minimize" : true,
        "optimizationAlgo" : "STOCHASTIC_GRADIENT_DESCENT",
        "pretrain" : false,
        "seed" : 123,
        "stepFunction" : null,
        "variables" : [ "W", "b" ]
      },
      "outputVertex" : false,
      "preProcessor" : null
    },
    "shortcut1" : {
      "@class" : "org.deeplearning4j.nn.conf.graph.ElementWiseVertex",
      "op" : "Add"
    },
    "activationBlock1" : {
      "@class" : "org.deeplearning4j.nn.conf.graph.LayerVertex",
      "layerConf" : {
        "cacheMode" : "NONE",
        "epochCount" : 0,
        "iterationCount" : 0,
        "l1ByParam" : { },
        "l2ByParam" : { },
        "layer" : {
          "@class" : "org.deeplearning4j.nn.conf.layers.ActivationLayer",
          "activationFn" : {
            "@class" : "org.nd4j.linalg.activations.impl.ActivationReLU"
          },
          "constraints" : null,
          "idropout" : null,
          "layerName" : "activationBlock1"
        },
        "maxNumLineSearchIterations" : 5,
        "miniBatch" : true,
        "minimize" : true,
        "optimizationAlgo" : "STOCHASTIC_GRADIENT_DESCENT",
        "pretrain" : false,
        "seed" : 123,
        "stepFunction" : null,
        "variables" : [ ]
      },
      "outputVertex" : false,
      "preProcessor" : null
    },
    "cnn1Block2" : {
      "@class" : "org.deeplearning4j.nn.conf.graph.LayerVertex",
      "layerConf" : {
        "cacheMode" : "NONE",
        "epochCount" : 0,
        "iterationCount" : 0,
        "l1ByParam" : {
          "b" : 0.0,
          "W" : 0.0
        },
        "l2ByParam" : {
          "b" : 0.0,
          "W" : 1.0E-4
        },
        "layer" : {
          "@class" : "org.deeplearning4j.nn.conf.layers.ConvolutionLayer",
          "activationFn" : {
            "@class" : "org.nd4j.linalg.activations.impl.ActivationLReLU",
            "alpha" : 0.1
          },
          "biasInit" : 0.0,
          "biasUpdater" : null,
          "constraints" : null,
          "convolutionMode" : "Truncate",
          "cudnnAlgoMode" : "PREFER_FASTEST",
          "cudnnAllowFallback" : true,
          "cudnnBwdDataAlgo" : null,
          "cudnnBwdFilterAlgo" : null,
          "cudnnFwdAlgo" : null,
          "dilation" : [ 1, 1 ],
          "dist" : null,
          "gradientNormalization" : "RenormalizeL2PerLayer",
          "gradientNormalizationThreshold" : 1.0,
          "hasBias" : true,
          "idropout" : null,
          "iupdater" : {
            "@class" : "org.nd4j.linalg.learning.config.Adam",
            "beta1" : 0.9,
            "beta2" : 0.999,
            "epsilon" : 1.0E-8,
            "learningRate" : 1.0E-4
          },
          "kernelSize" : [ 2, 3 ],
          "l1" : 0.0,
          "l1Bias" : 0.0,
          "l2" : 1.0E-4,
          "l2Bias" : 0.0,
          "layerName" : "cnn1Block2",
          "nin" : 64,
          "nout" : 128,
          "padding" : [ 0, 0 ],
          "stride" : [ 1, 1 ],
          "weightInit" : "XAVIER",
          "weightNoise" : null
        },
        "maxNumLineSearchIterations" : 5,
        "miniBatch" : true,
        "minimize" : true,
        "optimizationAlgo" : "STOCHASTIC_GRADIENT_DESCENT",
        "pretrain" : false,
        "seed" : 123,
        "stepFunction" : null,
        "variables" : [ "W", "b" ]
      },
      "outputVertex" : false,
      "preProcessor" : null
    },
    "cnn2Block2" : {
      "@class" : "org.deeplearning4j.nn.conf.graph.LayerVertex",
      "layerConf" : {
        "cacheMode" : "NONE",
        "epochCount" : 0,
        "iterationCount" : 0,
        "l1ByParam" : {
          "b" : 0.0,
          "W" : 0.0
        },
        "l2ByParam" : {
          "b" : 0.0,
          "W" : 1.0E-4
        },
        "layer" : {
          "@class" : "org.deeplearning4j.nn.conf.layers.ConvolutionLayer",
          "activationFn" : {
            "@class" : "org.nd4j.linalg.activations.impl.ActivationLReLU",
            "alpha" : 0.1
          },
          "biasInit" : 0.0,
          "biasUpdater" : null,
          "constraints" : null,
          "convolutionMode" : "Same",
          "cudnnAlgoMode" : "PREFER_FASTEST",
          "cudnnAllowFallback" : true,
          "cudnnBwdDataAlgo" : null,
          "cudnnBwdFilterAlgo" : null,
          "cudnnFwdAlgo" : null,
          "dilation" : [ 1, 1 ],
          "dist" : null,
          "gradientNormalization" : "RenormalizeL2PerLayer",
          "gradientNormalizationThreshold" : 1.0,
          "hasBias" : true,
          "idropout" : null,
          "iupdater" : {
            "@class" : "org.nd4j.linalg.learning.config.Adam",
            "beta1" : 0.9,
            "beta2" : 0.999,
            "epsilon" : 1.0E-8,
            "learningRate" : 1.0E-4
          },
          "kernelSize" : [ 1, 1 ],
          "l1" : 0.0,
          "l1Bias" : 0.0,
          "l2" : 1.0E-4,
          "l2Bias" : 0.0,
          "layerName" : "cnn2Block2",
          "nin" : 128,
          "nout" : 256,
          "padding" : [ 0, 0 ],
          "stride" : [ 1, 1 ],
          "weightInit" : "XAVIER",
          "weightNoise" : null
        },
        "maxNumLineSearchIterations" : 5,
        "miniBatch" : true,
        "minimize" : true,
        "optimizationAlgo" : "STOCHASTIC_GRADIENT_DESCENT",
        "pretrain" : false,
        "seed" : 123,
        "stepFunction" : null,
        "variables" : [ "W", "b" ]
      },
      "outputVertex" : false,
      "preProcessor" : null
    },
    "cnn3Block2" : {
      "@class" : "org.deeplearning4j.nn.conf.graph.LayerVertex",
      "layerConf" : {
        "cacheMode" : "NONE",
        "epochCount" : 0,
        "iterationCount" : 0,
        "l1ByParam" : {
          "b" : 0.0,
          "W" : 0.0
        },
        "l2ByParam" : {
          "b" : 0.0,
          "W" : 1.0E-4
        },
        "layer" : {
          "@class" : "org.deeplearning4j.nn.conf.layers.ConvolutionLayer",
          "activationFn" : {
            "@class" : "org.nd4j.linalg.activations.impl.ActivationIdentity"
          },
          "biasInit" : 0.0,
          "biasUpdater" : null,
          "constraints" : null,
          "convolutionMode" : "Same",
          "cudnnAlgoMode" : "PREFER_FASTEST",
          "cudnnAllowFallback" : true,
          "cudnnBwdDataAlgo" : null,
          "cudnnBwdFilterAlgo" : null,
          "cudnnFwdAlgo" : null,
          "dilation" : [ 1, 1 ],
          "dist" : null,
          "gradientNormalization" : "RenormalizeL2PerLayer",
          "gradientNormalizationThreshold" : 1.0,
          "hasBias" : true,
          "idropout" : null,
          "iupdater" : {
            "@class" : "org.nd4j.linalg.learning.config.Adam",
            "beta1" : 0.9,
            "beta2" : 0.999,
            "epsilon" : 1.0E-8,
            "learningRate" : 1.0E-4
          },
          "kernelSize" : [ 2, 2 ],
          "l1" : 0.0,
          "l1Bias" : 0.0,
          "l2" : 1.0E-4,
          "l2Bias" : 0.0,
          "layerName" : "cnn3Block2",
          "nin" : 256,
          "nout" : 128,
          "padding" : [ 0, 0 ],
          "stride" : [ 1, 1 ],
          "weightInit" : "XAVIER",
          "weightNoise" : null
        },
        "maxNumLineSearchIterations" : 5,
        "miniBatch" : true,
        "minimize" : true,
        "optimizationAlgo" : "STOCHASTIC_GRADIENT_DESCENT",
        "pretrain" : false,
        "seed" : 123,
        "stepFunction" : null,
        "variables" : [ "W", "b" ]
      },
      "outputVertex" : false,
      "preProcessor" : null
    },
    "shortcut2" : {
      "@class" : "org.deeplearning4j.nn.conf.graph.ElementWiseVertex",
      "op" : "Add"
    },
    "activationBlock2" : {
      "@class" : "org.deeplearning4j.nn.conf.graph.LayerVertex",
      "layerConf" : {
        "cacheMode" : "NONE",
        "epochCount" : 0,
        "iterationCount" : 0,
        "l1ByParam" : { },
        "l2ByParam" : { },
        "layer" : {
          "@class" : "org.deeplearning4j.nn.conf.layers.ActivationLayer",
          "activationFn" : {
            "@class" : "org.nd4j.linalg.activations.impl.ActivationReLU"
          },
          "constraints" : null,
          "idropout" : null,
          "layerName" : "activationBlock2"
        },
        "maxNumLineSearchIterations" : 5,
        "miniBatch" : true,
        "minimize" : true,
        "optimizationAlgo" : "STOCHASTIC_GRADIENT_DESCENT",
        "pretrain" : false,
        "seed" : 123,
        "stepFunction" : null,
        "variables" : [ ]
      },
      "outputVertex" : false,
      "preProcessor" : null
    },
    "cnn1Block3" : {
      "@class" : "org.deeplearning4j.nn.conf.graph.LayerVertex",
      "layerConf" : {
        "cacheMode" : "NONE",
        "epochCount" : 0,
        "iterationCount" : 0,
        "l1ByParam" : {
          "b" : 0.0,
          "W" : 0.0
        },
        "l2ByParam" : {
          "b" : 0.0,
          "W" : 1.0E-4
        },
        "layer" : {
          "@class" : "org.deeplearning4j.nn.conf.layers.ConvolutionLayer",
          "activationFn" : {
            "@class" : "org.nd4j.linalg.activations.impl.ActivationLReLU",
            "alpha" : 0.1
          },
          "biasInit" : 0.0,
          "biasUpdater" : null,
          "constraints" : null,
          "convolutionMode" : "Truncate",
          "cudnnAlgoMode" : "PREFER_FASTEST",
          "cudnnAllowFallback" : true,
          "cudnnBwdDataAlgo" : null,
          "cudnnBwdFilterAlgo" : null,
          "cudnnFwdAlgo" : null,
          "dilation" : [ 1, 1 ],
          "dist" : null,
          "gradientNormalization" : "RenormalizeL2PerLayer",
          "gradientNormalizationThreshold" : 1.0,
          "hasBias" : true,
          "idropout" : null,
          "iupdater" : {
            "@class" : "org.nd4j.linalg.learning.config.Adam",
            "beta1" : 0.9,
            "beta2" : 0.999,
            "epsilon" : 1.0E-8,
            "learningRate" : 1.0E-4
          },
          "kernelSize" : [ 2, 3 ],
          "l1" : 0.0,
          "l1Bias" : 0.0,
          "l2" : 1.0E-4,
          "l2Bias" : 0.0,
          "layerName" : "cnn1Block3",
          "nin" : 128,
          "nout" : 256,
          "padding" : [ 0, 0 ],
          "stride" : [ 1, 1 ],
          "weightInit" : "XAVIER",
          "weightNoise" : null
        },
        "maxNumLineSearchIterations" : 5,
        "miniBatch" : true,
        "minimize" : true,
        "optimizationAlgo" : "STOCHASTIC_GRADIENT_DESCENT",
        "pretrain" : false,
        "seed" : 123,
        "stepFunction" : null,
        "variables" : [ "W", "b" ]
      },
      "outputVertex" : false,
      "preProcessor" : null
    },
    "cnn2Block3" : {
      "@class" : "org.deeplearning4j.nn.conf.graph.LayerVertex",
      "layerConf" : {
        "cacheMode" : "NONE",
        "epochCount" : 0,
        "iterationCount" : 0,
        "l1ByParam" : {
          "b" : 0.0,
          "W" : 0.0
        },
        "l2ByParam" : {
          "b" : 0.0,
          "W" : 1.0E-4
        },
        "layer" : {
          "@class" : "org.deeplearning4j.nn.conf.layers.ConvolutionLayer",
          "activationFn" : {
            "@class" : "org.nd4j.linalg.activations.impl.ActivationLReLU",
            "alpha" : 0.1
          },
          "biasInit" : 0.0,
          "biasUpdater" : null,
          "constraints" : null,
          "convolutionMode" : "Same",
          "cudnnAlgoMode" : "PREFER_FASTEST",
          "cudnnAllowFallback" : true,
          "cudnnBwdDataAlgo" : null,
          "cudnnBwdFilterAlgo" : null,
          "cudnnFwdAlgo" : null,
          "dilation" : [ 1, 1 ],
          "dist" : null,
          "gradientNormalization" : "RenormalizeL2PerLayer",
          "gradientNormalizationThreshold" : 1.0,
          "hasBias" : true,
          "idropout" : null,
          "iupdater" : {
            "@class" : "org.nd4j.linalg.learning.config.Adam",
            "beta1" : 0.9,
            "beta2" : 0.999,
            "epsilon" : 1.0E-8,
            "learningRate" : 1.0E-4
          },
          "kernelSize" : [ 1, 1 ],
          "l1" : 0.0,
          "l1Bias" : 0.0,
          "l2" : 1.0E-4,
          "l2Bias" : 0.0,
          "layerName" : "cnn2Block3",
          "nin" : 256,
          "nout" : 512,
          "padding" : [ 0, 0 ],
          "stride" : [ 1, 1 ],
          "weightInit" : "XAVIER",
          "weightNoise" : null
        },
        "maxNumLineSearchIterations" : 5,
        "miniBatch" : true,
        "minimize" : true,
        "optimizationAlgo" : "STOCHASTIC_GRADIENT_DESCENT",
        "pretrain" : false,
        "seed" : 123,
        "stepFunction" : null,
        "variables" : [ "W", "b" ]
      },
      "outputVertex" : false,
      "preProcessor" : null
    },
    "cnn3Block3" : {
      "@class" : "org.deeplearning4j.nn.conf.graph.LayerVertex",
      "layerConf" : {
        "cacheMode" : "NONE",
        "epochCount" : 0,
        "iterationCount" : 0,
        "l1ByParam" : {
          "b" : 0.0,
          "W" : 0.0
        },
        "l2ByParam" : {
          "b" : 0.0,
          "W" : 1.0E-4
        },
        "layer" : {
          "@class" : "org.deeplearning4j.nn.conf.layers.ConvolutionLayer",
          "activationFn" : {
            "@class" : "org.nd4j.linalg.activations.impl.ActivationIdentity"
          },
          "biasInit" : 0.0,
          "biasUpdater" : null,
          "constraints" : null,
          "convolutionMode" : "Same",
          "cudnnAlgoMode" : "PREFER_FASTEST",
          "cudnnAllowFallback" : true,
          "cudnnBwdDataAlgo" : null,
          "cudnnBwdFilterAlgo" : null,
          "cudnnFwdAlgo" : null,
          "dilation" : [ 1, 1 ],
          "dist" : null,
          "gradientNormalization" : "RenormalizeL2PerLayer",
          "gradientNormalizationThreshold" : 1.0,
          "hasBias" : true,
          "idropout" : null,
          "iupdater" : {
            "@class" : "org.nd4j.linalg.learning.config.Adam",
            "beta1" : 0.9,
            "beta2" : 0.999,
            "epsilon" : 1.0E-8,
            "learningRate" : 1.0E-4
          },
          "kernelSize" : [ 2, 2 ],
          "l1" : 0.0,
          "l1Bias" : 0.0,
          "l2" : 1.0E-4,
          "l2Bias" : 0.0,
          "layerName" : "cnn3Block3",
          "nin" : 512,
          "nout" : 256,
          "padding" : [ 0, 0 ],
          "stride" : [ 1, 1 ],
          "weightInit" : "XAVIER",
          "weightNoise" : null
        },
        "maxNumLineSearchIterations" : 5,
        "miniBatch" : true,
        "minimize" : true,
        "optimizationAlgo" : "STOCHASTIC_GRADIENT_DESCENT",
        "pretrain" : false,
        "seed" : 123,
        "stepFunction" : null,
        "variables" : [ "W", "b" ]
      },
      "outputVertex" : false,
      "preProcessor" : null
    },
    "shortcut3" : {
      "@class" : "org.deeplearning4j.nn.conf.graph.ElementWiseVertex",
      "op" : "Add"
    },
    "activationBlock3" : {
      "@class" : "org.deeplearning4j.nn.conf.graph.LayerVertex",
      "layerConf" : {
        "cacheMode" : "NONE",
        "epochCount" : 0,
        "iterationCount" : 0,
        "l1ByParam" : { },
        "l2ByParam" : { },
        "layer" : {
          "@class" : "org.deeplearning4j.nn.conf.layers.ActivationLayer",
          "activationFn" : {
            "@class" : "org.nd4j.linalg.activations.impl.ActivationReLU"
          },
          "constraints" : null,
          "idropout" : null,
          "layerName" : "activationBlock3"
        },
        "maxNumLineSearchIterations" : 5,
        "miniBatch" : true,
        "minimize" : true,
        "optimizationAlgo" : "STOCHASTIC_GRADIENT_DESCENT",
        "pretrain" : false,
        "seed" : 123,
        "stepFunction" : null,
        "variables" : [ ]
      },
      "outputVertex" : false,
      "preProcessor" : null
    },
    "cnn1Block4" : {
      "@class" : "org.deeplearning4j.nn.conf.graph.LayerVertex",
      "layerConf" : {
        "cacheMode" : "NONE",
        "epochCount" : 0,
        "iterationCount" : 0,
        "l1ByParam" : {
          "b" : 0.0,
          "W" : 0.0
        },
        "l2ByParam" : {
          "b" : 0.0,
          "W" : 1.0E-4
        },
        "layer" : {
          "@class" : "org.deeplearning4j.nn.conf.layers.ConvolutionLayer",
          "activationFn" : {
            "@class" : "org.nd4j.linalg.activations.impl.ActivationLReLU",
            "alpha" : 0.1
          },
          "biasInit" : 0.0,
          "biasUpdater" : null,
          "constraints" : null,
          "convolutionMode" : "Truncate",
          "cudnnAlgoMode" : "PREFER_FASTEST",
          "cudnnAllowFallback" : true,
          "cudnnBwdDataAlgo" : null,
          "cudnnBwdFilterAlgo" : null,
          "cudnnFwdAlgo" : null,
          "dilation" : [ 1, 1 ],
          "dist" : null,
          "gradientNormalization" : "RenormalizeL2PerLayer",
          "gradientNormalizationThreshold" : 1.0,
          "hasBias" : true,
          "idropout" : null,
          "iupdater" : {
            "@class" : "org.nd4j.linalg.learning.config.Adam",
            "beta1" : 0.9,
            "beta2" : 0.999,
            "epsilon" : 1.0E-8,
            "learningRate" : 1.0E-4
          },
          "kernelSize" : [ 2, 3 ],
          "l1" : 0.0,
          "l1Bias" : 0.0,
          "l2" : 1.0E-4,
          "l2Bias" : 0.0,
          "layerName" : "cnn1Block4",
          "nin" : 256,
          "nout" : 512,
          "padding" : [ 0, 0 ],
          "stride" : [ 1, 1 ],
          "weightInit" : "XAVIER",
          "weightNoise" : null
        },
        "maxNumLineSearchIterations" : 5,
        "miniBatch" : true,
        "minimize" : true,
        "optimizationAlgo" : "STOCHASTIC_GRADIENT_DESCENT",
        "pretrain" : false,
        "seed" : 123,
        "stepFunction" : null,
        "variables" : [ "W", "b" ]
      },
      "outputVertex" : false,
      "preProcessor" : null
    },
    "cnn2Block4" : {
      "@class" : "org.deeplearning4j.nn.conf.graph.LayerVertex",
      "layerConf" : {
        "cacheMode" : "NONE",
        "epochCount" : 0,
        "iterationCount" : 0,
        "l1ByParam" : {
          "b" : 0.0,
          "W" : 0.0
        },
        "l2ByParam" : {
          "b" : 0.0,
          "W" : 1.0E-4
        },
        "layer" : {
          "@class" : "org.deeplearning4j.nn.conf.layers.ConvolutionLayer",
          "activationFn" : {
            "@class" : "org.nd4j.linalg.activations.impl.ActivationLReLU",
            "alpha" : 0.1
          },
          "biasInit" : 0.0,
          "biasUpdater" : null,
          "constraints" : null,
          "convolutionMode" : "Same",
          "cudnnAlgoMode" : "PREFER_FASTEST",
          "cudnnAllowFallback" : true,
          "cudnnBwdDataAlgo" : null,
          "cudnnBwdFilterAlgo" : null,
          "cudnnFwdAlgo" : null,
          "dilation" : [ 1, 1 ],
          "dist" : null,
          "gradientNormalization" : "RenormalizeL2PerLayer",
          "gradientNormalizationThreshold" : 1.0,
          "hasBias" : true,
          "idropout" : null,
          "iupdater" : {
            "@class" : "org.nd4j.linalg.learning.config.Adam",
            "beta1" : 0.9,
            "beta2" : 0.999,
            "epsilon" : 1.0E-8,
            "learningRate" : 1.0E-4
          },
          "kernelSize" : [ 1, 1 ],
          "l1" : 0.0,
          "l1Bias" : 0.0,
          "l2" : 1.0E-4,
          "l2Bias" : 0.0,
          "layerName" : "cnn2Block4",
          "nin" : 512,
          "nout" : 1024,
          "padding" : [ 0, 0 ],
          "stride" : [ 1, 1 ],
          "weightInit" : "XAVIER",
          "weightNoise" : null
        },
        "maxNumLineSearchIterations" : 5,
        "miniBatch" : true,
        "minimize" : true,
        "optimizationAlgo" : "STOCHASTIC_GRADIENT_DESCENT",
        "pretrain" : false,
        "seed" : 123,
        "stepFunction" : null,
        "variables" : [ "W", "b" ]
      },
      "outputVertex" : false,
      "preProcessor" : null
    },
    "cnn3Block4" : {
      "@class" : "org.deeplearning4j.nn.conf.graph.LayerVertex",
      "layerConf" : {
        "cacheMode" : "NONE",
        "epochCount" : 0,
        "iterationCount" : 0,
        "l1ByParam" : {
          "b" : 0.0,
          "W" : 0.0
        },
        "l2ByParam" : {
          "b" : 0.0,
          "W" : 1.0E-4
        },
        "layer" : {
          "@class" : "org.deeplearning4j.nn.conf.layers.ConvolutionLayer",
          "activationFn" : {
            "@class" : "org.nd4j.linalg.activations.impl.ActivationIdentity"
          },
          "biasInit" : 0.0,
          "biasUpdater" : null,
          "constraints" : null,
          "convolutionMode" : "Same",
          "cudnnAlgoMode" : "PREFER_FASTEST",
          "cudnnAllowFallback" : true,
          "cudnnBwdDataAlgo" : null,
          "cudnnBwdFilterAlgo" : null,
          "cudnnFwdAlgo" : null,
          "dilation" : [ 1, 1 ],
          "dist" : null,
          "gradientNormalization" : "RenormalizeL2PerLayer",
          "gradientNormalizationThreshold" : 1.0,
          "hasBias" : true,
          "idropout" : null,
          "iupdater" : {
            "@class" : "org.nd4j.linalg.learning.config.Adam",
            "beta1" : 0.9,
            "beta2" : 0.999,
            "epsilon" : 1.0E-8,
            "learningRate" : 1.0E-4
          },
          "kernelSize" : [ 2, 2 ],
          "l1" : 0.0,
          "l1Bias" : 0.0,
          "l2" : 1.0E-4,
          "l2Bias" : 0.0,
          "layerName" : "cnn3Block4",
          "nin" : 1024,
          "nout" : 512,
          "padding" : [ 0, 0 ],
          "stride" : [ 1, 1 ],
          "weightInit" : "XAVIER",
          "weightNoise" : null
        },
        "maxNumLineSearchIterations" : 5,
        "miniBatch" : true,
        "minimize" : true,
        "optimizationAlgo" : "STOCHASTIC_GRADIENT_DESCENT",
        "pretrain" : false,
        "seed" : 123,
        "stepFunction" : null,
        "variables" : [ "W", "b" ]
      },
      "outputVertex" : false,
      "preProcessor" : null
    },
    "shortcut4" : {
      "@class" : "org.deeplearning4j.nn.conf.graph.ElementWiseVertex",
      "op" : "Add"
    },
    "activationBlock4" : {
      "@class" : "org.deeplearning4j.nn.conf.graph.LayerVertex",
      "layerConf" : {
        "cacheMode" : "NONE",
        "epochCount" : 0,
        "iterationCount" : 0,
        "l1ByParam" : { },
        "l2ByParam" : { },
        "layer" : {
          "@class" : "org.deeplearning4j.nn.conf.layers.ActivationLayer",
          "activationFn" : {
            "@class" : "org.nd4j.linalg.activations.impl.ActivationReLU"
          },
          "constraints" : null,
          "idropout" : null,
          "layerName" : "activationBlock4"
        },
        "maxNumLineSearchIterations" : 5,
        "miniBatch" : true,
        "minimize" : true,
        "optimizationAlgo" : "STOCHASTIC_GRADIENT_DESCENT",
        "pretrain" : false,
        "seed" : 123,
        "stepFunction" : null,
        "variables" : [ ]
      },
      "outputVertex" : false,
      "preProcessor" : null
    },
    "cnn1Block5" : {
      "@class" : "org.deeplearning4j.nn.conf.graph.LayerVertex",
      "layerConf" : {
        "cacheMode" : "NONE",
        "epochCount" : 0,
        "iterationCount" : 0,
        "l1ByParam" : {
          "b" : 0.0,
          "W" : 0.0
        },
        "l2ByParam" : {
          "b" : 0.0,
          "W" : 1.0E-4
        },
        "layer" : {
          "@class" : "org.deeplearning4j.nn.conf.layers.ConvolutionLayer",
          "activationFn" : {
            "@class" : "org.nd4j.linalg.activations.impl.ActivationLReLU",
            "alpha" : 0.1
          },
          "biasInit" : 0.0,
          "biasUpdater" : null,
          "constraints" : null,
          "convolutionMode" : "Truncate",
          "cudnnAlgoMode" : "PREFER_FASTEST",
          "cudnnAllowFallback" : true,
          "cudnnBwdDataAlgo" : null,
          "cudnnBwdFilterAlgo" : null,
          "cudnnFwdAlgo" : null,
          "dilation" : [ 1, 1 ],
          "dist" : null,
          "gradientNormalization" : "RenormalizeL2PerLayer",
          "gradientNormalizationThreshold" : 1.0,
          "hasBias" : true,
          "idropout" : null,
          "iupdater" : {
            "@class" : "org.nd4j.linalg.learning.config.Adam",
            "beta1" : 0.9,
            "beta2" : 0.999,
            "epsilon" : 1.0E-8,
            "learningRate" : 1.0E-4
          },
          "kernelSize" : [ 2, 3 ],
          "l1" : 0.0,
          "l1Bias" : 0.0,
          "l2" : 1.0E-4,
          "l2Bias" : 0.0,
          "layerName" : "cnn1Block5",
          "nin" : 512,
          "nout" : 1024,
          "padding" : [ 0, 0 ],
          "stride" : [ 1, 1 ],
          "weightInit" : "XAVIER",
          "weightNoise" : null
        },
        "maxNumLineSearchIterations" : 5,
        "miniBatch" : true,
        "minimize" : true,
        "optimizationAlgo" : "STOCHASTIC_GRADIENT_DESCENT",
        "pretrain" : false,
        "seed" : 123,
        "stepFunction" : null,
        "variables" : [ "W", "b" ]
      },
      "outputVertex" : false,
      "preProcessor" : null
    },
    "cnn2Block5" : {
      "@class" : "org.deeplearning4j.nn.conf.graph.LayerVertex",
      "layerConf" : {
        "cacheMode" : "NONE",
        "epochCount" : 0,
        "iterationCount" : 0,
        "l1ByParam" : {
          "b" : 0.0,
          "W" : 0.0
        },
        "l2ByParam" : {
          "b" : 0.0,
          "W" : 1.0E-4
        },
        "layer" : {
          "@class" : "org.deeplearning4j.nn.conf.layers.ConvolutionLayer",
          "activationFn" : {
            "@class" : "org.nd4j.linalg.activations.impl.ActivationLReLU",
            "alpha" : 0.1
          },
          "biasInit" : 0.0,
          "biasUpdater" : null,
          "constraints" : null,
          "convolutionMode" : "Same",
          "cudnnAlgoMode" : "PREFER_FASTEST",
          "cudnnAllowFallback" : true,
          "cudnnBwdDataAlgo" : null,
          "cudnnBwdFilterAlgo" : null,
          "cudnnFwdAlgo" : null,
          "dilation" : [ 1, 1 ],
          "dist" : null,
          "gradientNormalization" : "RenormalizeL2PerLayer",
          "gradientNormalizationThreshold" : 1.0,
          "hasBias" : true,
          "idropout" : null,
          "iupdater" : {
            "@class" : "org.nd4j.linalg.learning.config.Adam",
            "beta1" : 0.9,
            "beta2" : 0.999,
            "epsilon" : 1.0E-8,
            "learningRate" : 1.0E-4
          },
          "kernelSize" : [ 1, 1 ],
          "l1" : 0.0,
          "l1Bias" : 0.0,
          "l2" : 1.0E-4,
          "l2Bias" : 0.0,
          "layerName" : "cnn2Block5",
          "nin" : 1024,
          "nout" : 2048,
          "padding" : [ 0, 0 ],
          "stride" : [ 1, 1 ],
          "weightInit" : "XAVIER",
          "weightNoise" : null
        },
        "maxNumLineSearchIterations" : 5,
        "miniBatch" : true,
        "minimize" : true,
        "optimizationAlgo" : "STOCHASTIC_GRADIENT_DESCENT",
        "pretrain" : false,
        "seed" : 123,
        "stepFunction" : null,
        "variables" : [ "W", "b" ]
      },
      "outputVertex" : false,
      "preProcessor" : null
    },
    "cnn3Block5" : {
      "@class" : "org.deeplearning4j.nn.conf.graph.LayerVertex",
      "layerConf" : {
        "cacheMode" : "NONE",
        "epochCount" : 0,
        "iterationCount" : 0,
        "l1ByParam" : {
          "b" : 0.0,
          "W" : 0.0
        },
        "l2ByParam" : {
          "b" : 0.0,
          "W" : 1.0E-4
        },
        "layer" : {
          "@class" : "org.deeplearning4j.nn.conf.layers.ConvolutionLayer",
          "activationFn" : {
            "@class" : "org.nd4j.linalg.activations.impl.ActivationIdentity"
          },
          "biasInit" : 0.0,
          "biasUpdater" : null,
          "constraints" : null,
          "convolutionMode" : "Same",
          "cudnnAlgoMode" : "PREFER_FASTEST",
          "cudnnAllowFallback" : true,
          "cudnnBwdDataAlgo" : null,
          "cudnnBwdFilterAlgo" : null,
          "cudnnFwdAlgo" : null,
          "dilation" : [ 1, 1 ],
          "dist" : null,
          "gradientNormalization" : "RenormalizeL2PerLayer",
          "gradientNormalizationThreshold" : 1.0,
          "hasBias" : true,
          "idropout" : null,
          "iupdater" : {
            "@class" : "org.nd4j.linalg.learning.config.Adam",
            "beta1" : 0.9,
            "beta2" : 0.999,
            "epsilon" : 1.0E-8,
            "learningRate" : 1.0E-4
          },
          "kernelSize" : [ 2, 2 ],
          "l1" : 0.0,
          "l1Bias" : 0.0,
          "l2" : 1.0E-4,
          "l2Bias" : 0.0,
          "layerName" : "cnn3Block5",
          "nin" : 2048,
          "nout" : 1024,
          "padding" : [ 0, 0 ],
          "stride" : [ 1, 1 ],
          "weightInit" : "XAVIER",
          "weightNoise" : null
        },
        "maxNumLineSearchIterations" : 5,
        "miniBatch" : true,
        "minimize" : true,
        "optimizationAlgo" : "STOCHASTIC_GRADIENT_DESCENT",
        "pretrain" : false,
        "seed" : 123,
        "stepFunction" : null,
        "variables" : [ "W", "b" ]
      },
      "outputVertex" : false,
      "preProcessor" : null
    },
    "shortcut5" : {
      "@class" : "org.deeplearning4j.nn.conf.graph.ElementWiseVertex",
      "op" : "Add"
    },
    "activationBlock5" : {
      "@class" : "org.deeplearning4j.nn.conf.graph.LayerVertex",
      "layerConf" : {
        "cacheMode" : "NONE",
        "epochCount" : 0,
        "iterationCount" : 0,
        "l1ByParam" : { },
        "l2ByParam" : { },
        "layer" : {
          "@class" : "org.deeplearning4j.nn.conf.layers.ActivationLayer",
          "activationFn" : {
            "@class" : "org.nd4j.linalg.activations.impl.ActivationReLU"
          },
          "constraints" : null,
          "idropout" : null,
          "layerName" : "activationBlock5"
        },
        "maxNumLineSearchIterations" : 5,
        "miniBatch" : true,
        "minimize" : true,
        "optimizationAlgo" : "STOCHASTIC_GRADIENT_DESCENT",
        "pretrain" : false,
        "seed" : 123,
        "stepFunction" : null,
        "variables" : [ ]
      },
      "outputVertex" : false,
      "preProcessor" : null
    },
    "oddcnn" : {
      "@class" : "org.deeplearning4j.nn.conf.graph.LayerVertex",
      "layerConf" : {
        "cacheMode" : "NONE",
        "epochCount" : 0,
        "iterationCount" : 0,
        "l1ByParam" : {
          "b" : 0.0,
          "W" : 0.0
        },
        "l2ByParam" : {
          "b" : 0.0,
          "W" : 1.0E-4
        },
        "layer" : {
          "@class" : "org.deeplearning4j.nn.conf.layers.ConvolutionLayer",
          "activationFn" : {
            "@class" : "org.nd4j.linalg.activations.impl.ActivationLReLU",
            "alpha" : 0.1
          },
          "biasInit" : 0.0,
          "biasUpdater" : null,
          "constraints" : null,
          "convolutionMode" : "Truncate",
          "cudnnAlgoMode" : "PREFER_FASTEST",
          "cudnnAllowFallback" : true,
          "cudnnBwdDataAlgo" : null,
          "cudnnBwdFilterAlgo" : null,
          "cudnnFwdAlgo" : null,
          "dilation" : [ 1, 1 ],
          "dist" : null,
          "gradientNormalization" : "RenormalizeL2PerLayer",
          "gradientNormalizationThreshold" : 1.0,
          "hasBias" : true,
          "idropout" : null,
          "iupdater" : {
            "@class" : "org.nd4j.linalg.learning.config.Adam",
            "beta1" : 0.9,
            "beta2" : 0.999,
            "epsilon" : 1.0E-8,
            "learningRate" : 1.0E-4
          },
          "kernelSize" : [ 1, 2 ],
          "l1" : 0.0,
          "l1Bias" : 0.0,
          "l2" : 1.0E-4,
          "l2Bias" : 0.0,
          "layerName" : "oddcnn",
          "nin" : 1024,
          "nout" : 2048,
          "padding" : [ 0, 0 ],
          "stride" : [ 1, 1 ],
          "weightInit" : "XAVIER",
          "weightNoise" : null
        },
        "maxNumLineSearchIterations" : 5,
        "miniBatch" : true,
        "minimize" : true,
        "optimizationAlgo" : "STOCHASTIC_GRADIENT_DESCENT",
        "pretrain" : false,
        "seed" : 123,
        "stepFunction" : null,
        "variables" : [ "W", "b" ]
      },
      "outputVertex" : false,
      "preProcessor" : null
    },
    "cnn4" : {
      "@class" : "org.deeplearning4j.nn.conf.graph.LayerVertex",
      "layerConf" : {
        "cacheMode" : "NONE",
        "epochCount" : 0,
        "iterationCount" : 0,
        "l1ByParam" : {
          "b" : 0.0,
          "W" : 0.0
        },
        "l2ByParam" : {
          "b" : 0.0,
          "W" : 1.0E-4
        },
        "layer" : {
          "@class" : "org.deeplearning4j.nn.conf.layers.ConvolutionLayer",
          "activationFn" : {
            "@class" : "org.nd4j.linalg.activations.impl.ActivationIdentity"
          },
          "biasInit" : 0.0,
          "biasUpdater" : null,
          "constraints" : null,
          "convolutionMode" : "Same",
          "cudnnAlgoMode" : "PREFER_FASTEST",
          "cudnnAllowFallback" : true,
          "cudnnBwdDataAlgo" : null,
          "cudnnBwdFilterAlgo" : null,
          "cudnnFwdAlgo" : null,
          "dilation" : [ 1, 1 ],
          "dist" : null,
          "gradientNormalization" : "RenormalizeL2PerLayer",
          "gradientNormalizationThreshold" : 1.0,
          "hasBias" : true,
          "idropout" : null,
          "iupdater" : {
            "@class" : "org.nd4j.linalg.learning.config.Adam",
            "beta1" : 0.9,
            "beta2" : 0.999,
            "epsilon" : 1.0E-8,
            "learningRate" : 1.0E-4
          },
          "kernelSize" : [ 1, 1 ],
          "l1" : 0.0,
          "l1Bias" : 0.0,
          "l2" : 1.0E-4,
          "l2Bias" : 0.0,
          "layerName" : "cnn4",
          "nin" : 2048,
          "nout" : 112,
          "padding" : [ 0, 0 ],
          "stride" : [ 1, 1 ],
          "weightInit" : "XAVIER",
          "weightNoise" : null
        },
        "maxNumLineSearchIterations" : 5,
        "miniBatch" : true,
        "minimize" : true,
        "optimizationAlgo" : "STOCHASTIC_GRADIENT_DESCENT",
        "pretrain" : false,
        "seed" : 123,
        "stepFunction" : null,
        "variables" : [ "W", "b" ]
      },
      "outputVertex" : false,
      "preProcessor" : null
    },
    "outputs" : {
      "@class" : "org.deeplearning4j.nn.conf.graph.LayerVertex",
      "layerConf" : {
        "cacheMode" : "NONE",
        "epochCount" : 0,
        "iterationCount" : 0,
        "l1ByParam" : { },
        "l2ByParam" : { },
        "layer" : {
          "@class" : "org.deeplearning4j.nn.conf.layers.objdetect.Yolo2OutputLayer",
          "boundingBoxes" : {
            "dataBuffer" : [ 1.1428571939468384, 0.13333334028720856, 2.2857143878936768, 0.13333334028720856, 4.5714287757873535, 0.13333334028720856, 1.1428571939468384, 0.02222222276031971, 2.2857143878936768, 0.02222222276031971, 0.8571428656578064, 0.13333334028720856, 0.4285714328289032, 0.13333334028720856 ],
            "shapeField" : [ 7, 2 ],
            "strideField" : [ 2, 1 ],
            "offsetField" : 0,
            "typeField" : "real",
            "rankField" : 2,
            "numElements" : 14,
            "orderingField" : "c"
          },
          "constraints" : null,
          "idropout" : null,
          "lambdaCoord" : 1.0,
          "lambdaNoObj" : 0.5,
          "layerName" : "outputs",
          "lossClassPredictions" : {
            "@class" : "org.nd4j.linalg.lossfunctions.impl.LossL2",
            "configProperties" : false
          },
          "lossPositionScale" : {
            "@class" : "org.nd4j.linalg.lossfunctions.impl.LossL2",
            "configProperties" : false
          }
        },
        "maxNumLineSearchIterations" : 5,
        "miniBatch" : true,
        "minimize" : true,
        "optimizationAlgo" : "STOCHASTIC_GRADIENT_DESCENT",
        "pretrain" : false,
        "seed" : 123,
        "stepFunction" : null,
        "variables" : [ ]
      },
      "outputVertex" : false,
      "preProcessor" : null
    }
  }
}