{
  "backprop" : true,
  "backpropType" : "Standard",
  "cacheMode" : "NONE",
  "defaultConfiguration" : {
    "cacheMode" : "NONE",
    "epochCount" : 0,
    "iterationCount" : 0,
    "l1ByParam" : { },
    "l2ByParam" : { },
    "layer" : null,
    "maxNumLineSearchIterations" : 5,
    "miniBatch" : true,
    "minimize" : true,
    "optimizationAlgo" : "STOCHASTIC_GRADIENT_DESCENT",
    "pretrain" : false,
    "seed" : 123,
    "stepFunction" : null,
    "variables" : [ "cnn1Block1_W", "cnn1Block1_b", "cnn2Block1_W", "cnn2Block1_b", "cnn3Block1_W", "cnn3Block1_b", "oddcnn_W", "oddcnn_b", "cnn4_W", "cnn4_b" ]
  },
  "epochCount" : 10,
  "inferenceWorkspaceMode" : "ENABLED",
  "iterationCount" : 100000,
  "networkInputs" : [ "input" ],
  "networkOutputs" : [ "outputs" ],
  "pretrain" : false,
  "tbpttBackLength" : 20,
  "tbpttFwdLength" : 20,
  "topologicalOrder" : [ 0, 1, 2, 3, 4, 5, 6, 7, 8 ],
  "topologicalOrderStr" : [ "input", "cnn1Block1", "cnn2Block1", "cnn3Block1", "shortcut1", "activationBlock1", "oddcnn", "cnn4", "outputs" ],
  "trainingWorkspaceMode" : "ENABLED",
  "vertexInputs" : {
    "cnn1Block1" : [ "input" ],
    "cnn2Block1" : [ "cnn1Block1" ],
    "cnn3Block1" : [ "cnn2Block1" ],
    "shortcut1" : [ "cnn1Block1", "cnn3Block1" ],
    "activationBlock1" : [ "shortcut1" ],
    "oddcnn" : [ "activationBlock1" ],
    "cnn4" : [ "oddcnn" ],
    "outputs" : [ "cnn4" ]
  },
  "vertices" : {
    "cnn1Block1" : {
      "@class" : "org.deeplearning4j.nn.conf.graph.LayerVertex",
      "layerConf" : {
        "cacheMode" : "NONE",
        "epochCount" : 0,
        "iterationCount" : 0,
        "l1ByParam" : {
          "b" : 0.0,
          "W" : 0.0
        },
        "l2ByParam" : {
          "b" : 0.0,
          "W" : 1.0E-4
        },
        "layer" : {
          "@class" : "org.deeplearning4j.nn.conf.layers.ConvolutionLayer",
          "activationFn" : {
            "@class" : "org.nd4j.linalg.activations.impl.ActivationLReLU",
            "alpha" : 0.01
          },
          "biasInit" : 0.0,
          "biasUpdater" : null,
          "constraints" : null,
          "convolutionMode" : "Truncate",
          "cudnnAlgoMode" : "PREFER_FASTEST",
          "cudnnAllowFallback" : true,
          "cudnnBwdDataAlgo" : null,
          "cudnnBwdFilterAlgo" : null,
          "cudnnFwdAlgo" : null,
          "dilation" : [ 1, 1 ],
          "dist" : null,
          "gradientNormalization" : "RenormalizeL2PerLayer",
          "gradientNormalizationThreshold" : 1.0,
          "hasBias" : true,
          "idropout" : null,
          "iupdater" : {
            "@class" : "org.nd4j.linalg.learning.config.Adam",
            "beta1" : 0.9,
            "beta2" : 0.999,
            "epsilon" : 1.0E-8,
            "learningRate" : 1.0E-4
          },
          "kernelSize" : [ 3, 3 ],
          "l1" : 0.0,
          "l1Bias" : 0.0,
          "l2" : 1.0E-4,
          "l2Bias" : 0.0,
          "layerName" : "cnn1Block1",
          "nin" : 1,
          "nout" : 64,
          "padding" : [ 1, 1 ],
          "stride" : [ 2, 2 ],
          "weightInit" : "XAVIER",
          "weightNoise" : null
        },
        "maxNumLineSearchIterations" : 5,
        "miniBatch" : true,
        "minimize" : true,
        "optimizationAlgo" : "STOCHASTIC_GRADIENT_DESCENT",
        "pretrain" : false,
        "seed" : 123,
        "stepFunction" : null,
        "variables" : [ "W", "b" ]
      },
      "outputVertex" : false,
      "preProcessor" : null
    },
    "cnn2Block1" : {
      "@class" : "org.deeplearning4j.nn.conf.graph.LayerVertex",
      "layerConf" : {
        "cacheMode" : "NONE",
        "epochCount" : 0,
        "iterationCount" : 0,
        "l1ByParam" : {
          "b" : 0.0,
          "W" : 0.0
        },
        "l2ByParam" : {
          "b" : 0.0,
          "W" : 1.0E-4
        },
        "layer" : {
          "@class" : "org.deeplearning4j.nn.conf.layers.ConvolutionLayer",
          "activationFn" : {
            "@class" : "org.nd4j.linalg.activations.impl.ActivationReLU"
          },
          "biasInit" : 0.0,
          "biasUpdater" : null,
          "constraints" : null,
          "convolutionMode" : "Same",
          "cudnnAlgoMode" : "PREFER_FASTEST",
          "cudnnAllowFallback" : true,
          "cudnnBwdDataAlgo" : null,
          "cudnnBwdFilterAlgo" : null,
          "cudnnFwdAlgo" : null,
          "dilation" : [ 1, 1 ],
          "dist" : null,
          "gradientNormalization" : "RenormalizeL2PerLayer",
          "gradientNormalizationThreshold" : 1.0,
          "hasBias" : true,
          "idropout" : null,
          "iupdater" : {
            "@class" : "org.nd4j.linalg.learning.config.Adam",
            "beta1" : 0.9,
            "beta2" : 0.999,
            "epsilon" : 1.0E-8,
            "learningRate" : 1.0E-4
          },
          "kernelSize" : [ 1, 1 ],
          "l1" : 0.0,
          "l1Bias" : 0.0,
          "l2" : 1.0E-4,
          "l2Bias" : 0.0,
          "layerName" : "cnn2Block1",
          "nin" : 64,
          "nout" : 128,
          "padding" : [ 0, 0 ],
          "stride" : [ 1, 1 ],
          "weightInit" : "XAVIER",
          "weightNoise" : null
        },
        "maxNumLineSearchIterations" : 5,
        "miniBatch" : true,
        "minimize" : true,
        "optimizationAlgo" : "STOCHASTIC_GRADIENT_DESCENT",
        "pretrain" : false,
        "seed" : 123,
        "stepFunction" : null,
        "variables" : [ "W", "b" ]
      },
      "outputVertex" : false,
      "preProcessor" : null
    },
    "cnn3Block1" : {
      "@class" : "org.deeplearning4j.nn.conf.graph.LayerVertex",
      "layerConf" : {
        "cacheMode" : "NONE",
        "epochCount" : 0,
        "iterationCount" : 0,
        "l1ByParam" : {
          "b" : 0.0,
          "W" : 0.0
        },
        "l2ByParam" : {
          "b" : 0.0,
          "W" : 1.0E-4
        },
        "layer" : {
          "@class" : "org.deeplearning4j.nn.conf.layers.ConvolutionLayer",
          "activationFn" : {
            "@class" : "org.nd4j.linalg.activations.impl.ActivationIdentity"
          },
          "biasInit" : 0.0,
          "biasUpdater" : null,
          "constraints" : null,
          "convolutionMode" : "Same",
          "cudnnAlgoMode" : "PREFER_FASTEST",
          "cudnnAllowFallback" : true,
          "cudnnBwdDataAlgo" : null,
          "cudnnBwdFilterAlgo" : null,
          "cudnnFwdAlgo" : null,
          "dilation" : [ 1, 1 ],
          "dist" : null,
          "gradientNormalization" : "RenormalizeL2PerLayer",
          "gradientNormalizationThreshold" : 1.0,
          "hasBias" : true,
          "idropout" : null,
          "iupdater" : {
            "@class" : "org.nd4j.linalg.learning.config.Adam",
            "beta1" : 0.9,
            "beta2" : 0.999,
            "epsilon" : 1.0E-8,
            "learningRate" : 1.0E-4
          },
          "kernelSize" : [ 3, 3 ],
          "l1" : 0.0,
          "l1Bias" : 0.0,
          "l2" : 1.0E-4,
          "l2Bias" : 0.0,
          "layerName" : "cnn3Block1",
          "nin" : 128,
          "nout" : 64,
          "padding" : [ 0, 0 ],
          "stride" : [ 1, 1 ],
          "weightInit" : "XAVIER",
          "weightNoise" : null
        },
        "maxNumLineSearchIterations" : 5,
        "miniBatch" : true,
        "minimize" : true,
        "optimizationAlgo" : "STOCHASTIC_GRADIENT_DESCENT",
        "pretrain" : false,
        "seed" : 123,
        "stepFunction" : null,
        "variables" : [ "W", "b" ]
      },
      "outputVertex" : false,
      "preProcessor" : null
    },
    "shortcut1" : {
      "@class" : "org.deeplearning4j.nn.conf.graph.ElementWiseVertex",
      "op" : "Add"
    },
    "activationBlock1" : {
      "@class" : "org.deeplearning4j.nn.conf.graph.LayerVertex",
      "layerConf" : {
        "cacheMode" : "NONE",
        "epochCount" : 0,
        "iterationCount" : 0,
        "l1ByParam" : { },
        "l2ByParam" : { },
        "layer" : {
          "@class" : "org.deeplearning4j.nn.conf.layers.ActivationLayer",
          "activationFn" : {
            "@class" : "org.nd4j.linalg.activations.impl.ActivationReLU"
          },
          "constraints" : null,
          "idropout" : null,
          "layerName" : "activationBlock1"
        },
        "maxNumLineSearchIterations" : 5,
        "miniBatch" : true,
        "minimize" : true,
        "optimizationAlgo" : "STOCHASTIC_GRADIENT_DESCENT",
        "pretrain" : false,
        "seed" : 123,
        "stepFunction" : null,
        "variables" : [ ]
      },
      "outputVertex" : false,
      "preProcessor" : null
    },
    "oddcnn" : {
      "@class" : "org.deeplearning4j.nn.conf.graph.LayerVertex",
      "layerConf" : {
        "cacheMode" : "NONE",
        "epochCount" : 0,
        "iterationCount" : 0,
        "l1ByParam" : {
          "b" : 0.0,
          "W" : 0.0
        },
        "l2ByParam" : {
          "b" : 0.0,
          "W" : 1.0E-4
        },
        "layer" : {
          "@class" : "org.deeplearning4j.nn.conf.layers.ConvolutionLayer",
          "activationFn" : {
            "@class" : "org.nd4j.linalg.activations.impl.ActivationLReLU",
            "alpha" : 0.01
          },
          "biasInit" : 0.0,
          "biasUpdater" : null,
          "constraints" : null,
          "convolutionMode" : "Truncate",
          "cudnnAlgoMode" : "PREFER_FASTEST",
          "cudnnAllowFallback" : true,
          "cudnnBwdDataAlgo" : null,
          "cudnnBwdFilterAlgo" : null,
          "cudnnFwdAlgo" : null,
          "dilation" : [ 1, 1 ],
          "dist" : null,
          "gradientNormalization" : "RenormalizeL2PerLayer",
          "gradientNormalizationThreshold" : 1.0,
          "hasBias" : true,
          "idropout" : null,
          "iupdater" : {
            "@class" : "org.nd4j.linalg.learning.config.Adam",
            "beta1" : 0.9,
            "beta2" : 0.999,
            "epsilon" : 1.0E-8,
            "learningRate" : 1.0E-4
          },
          "kernelSize" : [ 2, 2 ],
          "l1" : 0.0,
          "l1Bias" : 0.0,
          "l2" : 1.0E-4,
          "l2Bias" : 0.0,
          "layerName" : "oddcnn",
          "nin" : 64,
          "nout" : 128,
          "padding" : [ 0, 0 ],
          "stride" : [ 1, 1 ],
          "weightInit" : "XAVIER",
          "weightNoise" : null
        },
        "maxNumLineSearchIterations" : 5,
        "miniBatch" : true,
        "minimize" : true,
        "optimizationAlgo" : "STOCHASTIC_GRADIENT_DESCENT",
        "pretrain" : false,
        "seed" : 123,
        "stepFunction" : null,
        "variables" : [ "W", "b" ]
      },
      "outputVertex" : false,
      "preProcessor" : null
    },
    "cnn4" : {
      "@class" : "org.deeplearning4j.nn.conf.graph.LayerVertex",
      "layerConf" : {
        "cacheMode" : "NONE",
        "epochCount" : 0,
        "iterationCount" : 0,
        "l1ByParam" : {
          "b" : 0.0,
          "W" : 0.0
        },
        "l2ByParam" : {
          "b" : 0.0,
          "W" : 1.0E-4
        },
        "layer" : {
          "@class" : "org.deeplearning4j.nn.conf.layers.ConvolutionLayer",
          "activationFn" : {
            "@class" : "org.nd4j.linalg.activations.impl.ActivationIdentity"
          },
          "biasInit" : 0.0,
          "biasUpdater" : null,
          "constraints" : null,
          "convolutionMode" : "Same",
          "cudnnAlgoMode" : "PREFER_FASTEST",
          "cudnnAllowFallback" : true,
          "cudnnBwdDataAlgo" : null,
          "cudnnBwdFilterAlgo" : null,
          "cudnnFwdAlgo" : null,
          "dilation" : [ 1, 1 ],
          "dist" : null,
          "gradientNormalization" : "RenormalizeL2PerLayer",
          "gradientNormalizationThreshold" : 1.0,
          "hasBias" : true,
          "idropout" : null,
          "iupdater" : {
            "@class" : "org.nd4j.linalg.learning.config.Adam",
            "beta1" : 0.9,
            "beta2" : 0.999,
            "epsilon" : 1.0E-8,
            "learningRate" : 1.0E-4
          },
          "kernelSize" : [ 1, 1 ],
          "l1" : 0.0,
          "l1Bias" : 0.0,
          "l2" : 1.0E-4,
          "l2Bias" : 0.0,
          "layerName" : "cnn4",
          "nin" : 128,
          "nout" : 6,
          "padding" : [ 0, 0 ],
          "stride" : [ 1, 1 ],
          "weightInit" : "XAVIER",
          "weightNoise" : null
        },
        "maxNumLineSearchIterations" : 5,
        "miniBatch" : true,
        "minimize" : true,
        "optimizationAlgo" : "STOCHASTIC_GRADIENT_DESCENT",
        "pretrain" : false,
        "seed" : 123,
        "stepFunction" : null,
        "variables" : [ "W", "b" ]
      },
      "outputVertex" : false,
      "preProcessor" : null
    },
    "outputs" : {
      "@class" : "org.deeplearning4j.nn.conf.graph.LayerVertex",
      "layerConf" : {
        "cacheMode" : "NONE",
        "epochCount" : 0,
        "iterationCount" : 0,
        "l1ByParam" : { },
        "l2ByParam" : { },
        "layer" : {
          "@class" : "org.deeplearning4j.nn.conf.layers.objdetect.Yolo2OutputLayer",
          "boundingBoxes" : {
            "dataBuffer" : [ 1.4732142686843872, 2.5 ],
            "shapeField" : [ 1, 2 ],
            "strideField" : [ 1, 1 ],
            "offsetField" : 0,
            "typeField" : "real",
            "rankField" : 2,
            "numElements" : 2,
            "orderingField" : "c"
          },
          "constraints" : null,
          "idropout" : null,
          "lambdaCoord" : 1.0,
          "lambdaNoObj" : 0.5,
          "layerName" : "outputs",
          "lossClassPredictions" : {
            "@class" : "org.nd4j.linalg.lossfunctions.impl.LossL2",
            "configProperties" : false
          },
          "lossPositionScale" : {
            "@class" : "org.nd4j.linalg.lossfunctions.impl.LossL2",
            "configProperties" : false
          }
        },
        "maxNumLineSearchIterations" : 5,
        "miniBatch" : true,
        "minimize" : true,
        "optimizationAlgo" : "STOCHASTIC_GRADIENT_DESCENT",
        "pretrain" : false,
        "seed" : 123,
        "stepFunction" : null,
        "variables" : [ ]
      },
      "outputVertex" : false,
      "preProcessor" : null
    }
  }
}